2025-04-29 14:56:27,834 : WARN  : ForkJoinPool.commonPool-worker-3 :  : DefaultPythonGateway :  :  : Python standard output: 
2025-04-29 14:56:27,837 : WARN  : ForkJoinPool.commonPool-worker-3 :  : DefaultPythonGateway :  :  : Python standard error: Traceback (most recent call last):
  File "/Applications/KNIME 5.4.3.app/Contents/Eclipse/bundling/envs/org_knime_python_llm/lib/python3.11/site-packages/numpy/core/__init__.py", line 24, in <module>
    from . import multiarray
  File "/Applications/KNIME 5.4.3.app/Contents/Eclipse/bundling/envs/org_knime_python_llm/lib/python3.11/site-packages/numpy/core/multiarray.py", line 10, in <module>
    from . import overrides
  File "/Applications/KNIME 5.4.3.app/Contents/Eclipse/bundling/envs/org_knime_python_llm/lib/python3.11/site-packages/numpy/core/overrides.py", line 8, in <module>
    from numpy.core._multiarray_umath import (
ImportError: dlopen(/Applications/KNIME 5.4.3.app/Contents/Eclipse/bundling/envs/org_knime_python_llm/lib/python3.11/site-packages/numpy/core/_multiarray_umath.cpython-311-darwin.so, 0x0002): Library not loaded: @rpath/libgfortran.5.dylib
  Referenced from: <D37BED4E-7F75-3467-A281-7E7E316989C9> /Applications/KNIME 5.4.3.app/Contents/Eclipse/bundling/envs/org_knime_python_llm/lib/libopenblas.0.dylib
  Reason: tried: '/Applications/KNIME 5.4.3.app/Contents/Eclipse/bundling/envs/org_knime_python_llm/lib/libgfortran.5.dylib' (duplicate LC_RPATH '@loader_path'), '/Applications/KNIME 5.4.3.app/Contents/Eclipse/bundling/envs/org_knime_python_llm/lib/libgfortran.5.dylib' (duplicate LC_RPATH '@loader_path'), '/Applications/KNIME 5.4.3.app/Contents/Eclipse/bundling/envs/org_knime_python_llm/lib/python3.11/site-packages/numpy/core/../../../../libgfortran.5.dylib' (duplicate LC_RPATH '@loader_path'), '/Applications/KNIME 5.4.3.app/Contents/Eclipse/bundling/envs/org_knime_python_llm/lib/python3.11/site-packages/numpy/core/../../../../libgfortran.5.dylib' (duplicate LC_RPATH '@loader_path'), '/Applications/KNIME 5.4.3.app/Contents/Eclipse/bundling/envs/org_knime_python_llm/bin/../lib/libgfortran.5.dylib' (duplicate LC_RPATH '@loader_path'), '/Applications/KNIME 5.4.3.app/Contents/Eclipse/bundling/envs/org_knime_python_llm/bin/../lib/libgfortran.5.dylib' (duplicate LC_RPATH '@loader_path'), '/usr/local/lib/libgfortran.5.dylib' (no such file), '/usr/lib/libgfortran.5.dylib' (no such file, not in dyld cache)

During handling of the above exception, another exception occurred:

Traceback (most recent call last):
  File "/Applications/KNIME 5.4.3.app/Contents/Eclipse/bundling/envs/org_knime_python_llm/lib/python3.11/site-packages/numpy/__init__.py", line 130, in <module>
    from numpy.__config__ import show as show_config
  File "/Applications/KNIME 5.4.3.app/Contents/Eclipse/bundling/envs/org_knime_python_llm/lib/python3.11/site-packages/numpy/__config__.py", line 4, in <module>
    from numpy.core._multiarray_umath import (
  File "/Applications/KNIME 5.4.3.app/Contents/Eclipse/bundling/envs/org_knime_python_llm/lib/python3.11/site-packages/numpy/core/__init__.py", line 50, in <module>
    raise ImportError(msg)
ImportError: 

IMPORTANT: PLEASE READ THIS FOR ADVICE ON HOW TO SOLVE THIS ISSUE!

Importing the numpy C-extensions failed. This error can happen for
many reasons, often due to issues with your setup or how NumPy was
installed.

We have compiled some common reasons and troubleshooting tips at:

    https://numpy.org/devdocs/user/troubleshooting-importerror.html

Please note and check the following:

  * The Python version is: Python3.11 from "/Applications/KNIME 5.4.3.app/Contents/Eclipse/bundling/envs/org_knime_python_llm/bin/python"
  * The NumPy version is: "1.26.4"

and make sure that they are the versions you expect.
Please carefully study the documentation linked above for further help.

Original error was: dlopen(/Applications/KNIME 5.4.3.app/Contents/Eclipse/bundling/envs/org_knime_python_llm/lib/python3.11/site-packages/numpy/core/_multiarray_umath.cpython-311-darwin.so, 0x0002): Library not loaded: @rpath/libgfortran.5.dylib
  Referenced from: <D37BED4E-7F75-3467-A281-7E7E316989C9> /Applications/KNIME 5.4.3.app/Contents/Eclipse/bundling/envs/org_knime_python_llm/lib/libopenblas.0.dylib
  Reason: tried: '/Applications/KNIME 5.4.3.app/Contents/Eclipse/bundling/envs/org_knime_python_llm/lib/libgfortran.5.dylib' (duplicate LC_RPATH '@loader_path'), '/Applications/KNIME 5.4.3.app/Contents/Eclipse/bundling/envs/org_knime_python_llm/lib/libgfortran.5.dylib' (duplicate LC_RPATH '@loader_path'), '/Applications/KNIME 5.4.3.app/Contents/Eclipse/bundling/envs/org_knime_python_llm/lib/python3.11/site-packages/numpy/core/../../../../libgfortran.5.dylib' (duplicate LC_RPATH '@loader_path'), '/Applications/KNIME 5.4.3.app/Contents/Eclipse/bundling/envs/org_knime_python_llm/lib/python3.11/site-packages/numpy/core/../../../../libgfortran.5.dylib' (duplicate LC_RPATH '@loader_path'), '/Applications/KNIME 5.4.3.app/Contents/Eclipse/bundling/envs/org_knime_python_llm/bin/../lib/libgfortran.5.dylib' (duplicate LC_RPATH '@loader_path'), '/Applications/KNIME 5.4.3.app/Contents/Eclipse/bundling/envs/org_knime_python_llm/bin/../lib/libgfortran.5.dylib' (duplicate LC_RPATH '@loader_path'), '/usr/local/lib/libgfortran.5.dylib' (no such file), '/usr/lib/libgfortran.5.dylib' (no such file, not in dyld cache)


The above exception was the direct cause of the following exception:

Traceback (most recent call last):
  File "/Applications/KNIME 5.4.3.app/Contents/Eclipse/plugins/org.knime.python3.nodes_5.4.1.v202501291500/src/main/python/_node_backend_launcher.py", line 62, in <module>
    import knime._arrow._table as kat
  File "/Applications/KNIME 5.4.3.app/Contents/Eclipse/plugins/org.knime.python3.arrow_5.4.0.v202411121140/src/main/python/knime/_arrow/_table.py", line 52, in <module>
    import pyarrow as pa
  File "/Applications/KNIME 5.4.3.app/Contents/Eclipse/bundling/envs/org_knime_python_llm/lib/python3.11/site-packages/pyarrow/__init__.py", line 65, in <module>
    import pyarrow.lib as _lib
  File "pyarrow/lib.pyx", line 24, in init pyarrow.lib
  File "/Applications/KNIME 5.4.3.app/Contents/Eclipse/bundling/envs/org_knime_python_llm/lib/python3.11/site-packages/numpy/__init__.py", line 135, in <module>
    raise ImportError(msg) from e
ImportError: Error importing numpy: you should not try to import numpy from
        its source directory; please exit the numpy source tree, and relaunch
        your python interpreter from there.

2025-04-29 14:56:27,837 : ERROR : ForkJoinPool.commonPool-worker-3 :  : PurePythonNodeSetFactory :  :  : Failed to parse Python node extension at path '/Applications/KNIME 5.4.3.app/Contents/Eclipse/plugins/org.knime.python.llm_5.4.3.v202503051153/src/main/python'. Could not connect to the Python process.
java.net.ConnectException: Could not connect to the Python process.
	at org.knime.python3.DefaultPythonGateway.waitForConnection(DefaultPythonGateway.java:281)
	at org.knime.python3.DefaultPythonGateway.<init>(DefaultPythonGateway.java:204)
	at org.knime.python3.DefaultPythonGateway.create(DefaultPythonGateway.java:150)
	at org.knime.python3.FreshPythonGatewayFactory.create(FreshPythonGatewayFactory.java:78)
	at org.knime.python3.QueuedPythonGatewayFactory$PythonGatewayQueue.takeOrCreateGatewayAndEnqueue(QueuedPythonGatewayFactory.java:276)
	at org.knime.python3.QueuedPythonGatewayFactory$PythonGatewayQueue.getNextGateway(QueuedPythonGatewayFactory.java:253)
	at org.knime.python3.QueuedPythonGatewayFactory.create(QueuedPythonGatewayFactory.java:118)
	at org.knime.python3.nodes.PythonNodeGatewayFactory.create(PythonNodeGatewayFactory.java:138)
	at org.knime.python3.nodes.PythonExtensionParser.retrieveDynamicInformationFromPython(PythonExtensionParser.java:181)
	at org.knime.python3.nodes.PythonExtensionParser.parseExtension(PythonExtensionParser.java:130)
	at org.knime.python3.nodes.PurePythonNodeSetFactory.parseExtension(PurePythonNodeSetFactory.java:113)
	at org.knime.python3.nodes.PurePythonNodeSetFactory.lambda$3(PurePythonNodeSetFactory.java:107)
	at java.base/java.util.stream.ReferencePipeline$3$1.accept(Unknown Source)
	at java.base/java.util.ArrayList$ArrayListSpliterator.forEachRemaining(Unknown Source)
	at java.base/java.util.stream.AbstractPipeline.copyInto(Unknown Source)
	at java.base/java.util.stream.AbstractPipeline.wrapAndCopyInto(Unknown Source)
	at java.base/java.util.stream.StreamSpliterators$WrappingSpliterator.forEachRemaining(Unknown Source)
	at java.base/java.util.stream.Streams$ConcatSpliterator.forEachRemaining(Unknown Source)
	at java.base/java.util.stream.AbstractPipeline.copyInto(Unknown Source)
	at java.base/java.util.stream.AbstractPipeline.wrapAndCopyInto(Unknown Source)
	at java.base/java.util.stream.ReduceOps$ReduceOp.evaluateSequential(Unknown Source)
	at java.base/java.util.stream.AbstractPipeline.evaluate(Unknown Source)
	at java.base/java.util.stream.ReferencePipeline.collect(Unknown Source)
	at org.knime.python3.nodes.extension.ExtensionNodeSetFactory.<init>(ExtensionNodeSetFactory.java:119)
	at org.knime.python3.nodes.PurePythonNodeSetFactory.<init>(PurePythonNodeSetFactory.java:88)
	at java.base/jdk.internal.reflect.NativeConstructorAccessorImpl.newInstance0(Native Method)
	at java.base/jdk.internal.reflect.NativeConstructorAccessorImpl.newInstance(Unknown Source)
	at java.base/jdk.internal.reflect.DelegatingConstructorAccessorImpl.newInstance(Unknown Source)
	at java.base/java.lang.reflect.Constructor.newInstanceWithCaller(Unknown Source)
	at java.base/java.lang.reflect.Constructor.newInstance(Unknown Source)
	at org.eclipse.core.internal.registry.osgi.RegistryStrategyOSGI.createExecutableExtension(RegistryStrategyOSGI.java:233)
	at org.eclipse.core.internal.registry.ExtensionRegistry.createExecutableExtension(ExtensionRegistry.java:987)
	at org.eclipse.core.internal.registry.ConfigurationElement.createExecutableExtension(ConfigurationElement.java:255)
	at org.eclipse.core.internal.registry.ConfigurationElementHandle.createExecutableExtension(ConfigurationElementHandle.java:65)
	at org.knime.core.node.extension.NodeSetFactoryExtension.from(NodeSetFactoryExtension.java:274)
	at java.base/java.util.stream.ReferencePipeline$3$1.accept(Unknown Source)
	at java.base/java.util.Spliterators$ArraySpliterator.forEachRemaining(Unknown Source)
	at java.base/java.util.stream.AbstractPipeline.copyInto(Unknown Source)
	at java.base/java.util.stream.AbstractPipeline.wrapAndCopyInto(Unknown Source)
	at java.base/java.util.stream.Nodes$CollectorTask.doLeaf(Unknown Source)
	at java.base/java.util.stream.Nodes$CollectorTask.doLeaf(Unknown Source)
	at java.base/java.util.stream.AbstractTask.compute(Unknown Source)
	at java.base/java.util.concurrent.CountedCompleter.exec(Unknown Source)
	at java.base/java.util.concurrent.ForkJoinTask.doExec(Unknown Source)
	at java.base/java.util.concurrent.ForkJoinPool$WorkQueue.topLevelExec(Unknown Source)
	at java.base/java.util.concurrent.ForkJoinPool.scan(Unknown Source)
	at java.base/java.util.concurrent.ForkJoinPool.runWorker(Unknown Source)
	at java.base/java.util.concurrent.ForkJoinWorkerThread.run(Unknown Source)
2025-04-29 14:56:27,955 : WARN  : python-gateway-creator-0 :  : DefaultPythonGateway :  :  : Python standard output: 
2025-04-29 14:56:27,955 : WARN  : python-gateway-creator-0 :  : DefaultPythonGateway :  :  : Python standard error: Traceback (most recent call last):
  File "/Applications/KNIME 5.4.3.app/Contents/Eclipse/bundling/envs/org_knime_python_llm/lib/python3.11/site-packages/numpy/core/__init__.py", line 24, in <module>
    from . import multiarray
  File "/Applications/KNIME 5.4.3.app/Contents/Eclipse/bundling/envs/org_knime_python_llm/lib/python3.11/site-packages/numpy/core/multiarray.py", line 10, in <module>
    from . import overrides
  File "/Applications/KNIME 5.4.3.app/Contents/Eclipse/bundling/envs/org_knime_python_llm/lib/python3.11/site-packages/numpy/core/overrides.py", line 8, in <module>
    from numpy.core._multiarray_umath import (
ImportError: dlopen(/Applications/KNIME 5.4.3.app/Contents/Eclipse/bundling/envs/org_knime_python_llm/lib/python3.11/site-packages/numpy/core/_multiarray_umath.cpython-311-darwin.so, 0x0002): Library not loaded: @rpath/libgfortran.5.dylib
  Referenced from: <D37BED4E-7F75-3467-A281-7E7E316989C9> /Applications/KNIME 5.4.3.app/Contents/Eclipse/bundling/envs/org_knime_python_llm/lib/libopenblas.0.dylib
  Reason: tried: '/Applications/KNIME 5.4.3.app/Contents/Eclipse/bundling/envs/org_knime_python_llm/lib/libgfortran.5.dylib' (duplicate LC_RPATH '@loader_path'), '/Applications/KNIME 5.4.3.app/Contents/Eclipse/bundling/envs/org_knime_python_llm/lib/libgfortran.5.dylib' (duplicate LC_RPATH '@loader_path'), '/Applications/KNIME 5.4.3.app/Contents/Eclipse/bundling/envs/org_knime_python_llm/lib/python3.11/site-packages/numpy/core/../../../../libgfortran.5.dylib' (duplicate LC_RPATH '@loader_path'), '/Applications/KNIME 5.4.3.app/Contents/Eclipse/bundling/envs/org_knime_python_llm/lib/python3.11/site-packages/numpy/core/../../../../libgfortran.5.dylib' (duplicate LC_RPATH '@loader_path'), '/Applications/KNIME 5.4.3.app/Contents/Eclipse/bundling/envs/org_knime_python_llm/bin/../lib/libgfortran.5.dylib' (duplicate LC_RPATH '@loader_path'), '/Applications/KNIME 5.4.3.app/Contents/Eclipse/bundling/envs/org_knime_python_llm/bin/../lib/libgfortran.5.dylib' (duplicate LC_RPATH '@loader_path'), '/usr/local/lib/libgfortran.5.dylib' (no such file), '/usr/lib/libgfortran.5.dylib' (no such file, not in dyld cache)

During handling of the above exception, another exception occurred:

Traceback (most recent call last):
  File "/Applications/KNIME 5.4.3.app/Contents/Eclipse/bundling/envs/org_knime_python_llm/lib/python3.11/site-packages/numpy/__init__.py", line 130, in <module>
    from numpy.__config__ import show as show_config
  File "/Applications/KNIME 5.4.3.app/Contents/Eclipse/bundling/envs/org_knime_python_llm/lib/python3.11/site-packages/numpy/__config__.py", line 4, in <module>
    from numpy.core._multiarray_umath import (
  File "/Applications/KNIME 5.4.3.app/Contents/Eclipse/bundling/envs/org_knime_python_llm/lib/python3.11/site-packages/numpy/core/__init__.py", line 50, in <module>
    raise ImportError(msg)
ImportError: 

IMPORTANT: PLEASE READ THIS FOR ADVICE ON HOW TO SOLVE THIS ISSUE!

Importing the numpy C-extensions failed. This error can happen for
many reasons, often due to issues with your setup or how NumPy was
installed.

We have compiled some common reasons and troubleshooting tips at:

    https://numpy.org/devdocs/user/troubleshooting-importerror.html

Please note and check the following:

  * The Python version is: Python3.11 from "/Applications/KNIME 5.4.3.app/Contents/Eclipse/bundling/envs/org_knime_python_llm/bin/python"
  * The NumPy version is: "1.26.4"

and make sure that they are the versions you expect.
Please carefully study the documentation linked above for further help.

Original error was: dlopen(/Applications/KNIME 5.4.3.app/Contents/Eclipse/bundling/envs/org_knime_python_llm/lib/python3.11/site-packages/numpy/core/_multiarray_umath.cpython-311-darwin.so, 0x0002): Library not loaded: @rpath/libgfortran.5.dylib
  Referenced from: <D37BED4E-7F75-3467-A281-7E7E316989C9> /Applications/KNIME 5.4.3.app/Contents/Eclipse/bundling/envs/org_knime_python_llm/lib/libopenblas.0.dylib
  Reason: tried: '/Applications/KNIME 5.4.3.app/Contents/Eclipse/bundling/envs/org_knime_python_llm/lib/libgfortran.5.dylib' (duplicate LC_RPATH '@loader_path'), '/Applications/KNIME 5.4.3.app/Contents/Eclipse/bundling/envs/org_knime_python_llm/lib/libgfortran.5.dylib' (duplicate LC_RPATH '@loader_path'), '/Applications/KNIME 5.4.3.app/Contents/Eclipse/bundling/envs/org_knime_python_llm/lib/python3.11/site-packages/numpy/core/../../../../libgfortran.5.dylib' (duplicate LC_RPATH '@loader_path'), '/Applications/KNIME 5.4.3.app/Contents/Eclipse/bundling/envs/org_knime_python_llm/lib/python3.11/site-packages/numpy/core/../../../../libgfortran.5.dylib' (duplicate LC_RPATH '@loader_path'), '/Applications/KNIME 5.4.3.app/Contents/Eclipse/bundling/envs/org_knime_python_llm/bin/../lib/libgfortran.5.dylib' (duplicate LC_RPATH '@loader_path'), '/Applications/KNIME 5.4.3.app/Contents/Eclipse/bundling/envs/org_knime_python_llm/bin/../lib/libgfortran.5.dylib' (duplicate LC_RPATH '@loader_path'), '/usr/local/lib/libgfortran.5.dylib' (no such file), '/usr/lib/libgfortran.5.dylib' (no such file, not in dyld cache)


The above exception was the direct cause of the following exception:

Traceback (most recent call last):
  File "/Applications/KNIME 5.4.3.app/Contents/Eclipse/plugins/org.knime.python3.nodes_5.4.1.v202501291500/src/main/python/_node_backend_launcher.py", line 62, in <module>
    import knime._arrow._table as kat
  File "/Applications/KNIME 5.4.3.app/Contents/Eclipse/plugins/org.knime.python3.arrow_5.4.0.v202411121140/src/main/python/knime/_arrow/_table.py", line 52, in <module>
    import pyarrow as pa
  File "/Applications/KNIME 5.4.3.app/Contents/Eclipse/bundling/envs/org_knime_python_llm/lib/python3.11/site-packages/pyarrow/__init__.py", line 65, in <module>
    import pyarrow.lib as _lib
  File "pyarrow/lib.pyx", line 24, in init pyarrow.lib
  File "/Applications/KNIME 5.4.3.app/Contents/Eclipse/bundling/envs/org_knime_python_llm/lib/python3.11/site-packages/numpy/__init__.py", line 135, in <module>
    raise ImportError(msg) from e
ImportError: Error importing numpy: you should not try to import numpy from
        its source directory; please exit the numpy source tree, and relaunch
        your python interpreter from there.

2025-04-29 14:56:28,060 : WARN  : python-gateway-creator-1 :  : DefaultPythonGateway :  :  : Python standard output: 
2025-04-29 14:56:28,060 : WARN  : python-gateway-creator-1 :  : DefaultPythonGateway :  :  : Python standard error: Traceback (most recent call last):
  File "/Applications/KNIME 5.4.3.app/Contents/Eclipse/bundling/envs/org_knime_python_llm/lib/python3.11/site-packages/numpy/core/__init__.py", line 24, in <module>
    from . import multiarray
  File "/Applications/KNIME 5.4.3.app/Contents/Eclipse/bundling/envs/org_knime_python_llm/lib/python3.11/site-packages/numpy/core/multiarray.py", line 10, in <module>
    from . import overrides
  File "/Applications/KNIME 5.4.3.app/Contents/Eclipse/bundling/envs/org_knime_python_llm/lib/python3.11/site-packages/numpy/core/overrides.py", line 8, in <module>
    from numpy.core._multiarray_umath import (
ImportError: dlopen(/Applications/KNIME 5.4.3.app/Contents/Eclipse/bundling/envs/org_knime_python_llm/lib/python3.11/site-packages/numpy/core/_multiarray_umath.cpython-311-darwin.so, 0x0002): Library not loaded: @rpath/libgfortran.5.dylib
  Referenced from: <D37BED4E-7F75-3467-A281-7E7E316989C9> /Applications/KNIME 5.4.3.app/Contents/Eclipse/bundling/envs/org_knime_python_llm/lib/libopenblas.0.dylib
  Reason: tried: '/Applications/KNIME 5.4.3.app/Contents/Eclipse/bundling/envs/org_knime_python_llm/lib/libgfortran.5.dylib' (duplicate LC_RPATH '@loader_path'), '/Applications/KNIME 5.4.3.app/Contents/Eclipse/bundling/envs/org_knime_python_llm/lib/libgfortran.5.dylib' (duplicate LC_RPATH '@loader_path'), '/Applications/KNIME 5.4.3.app/Contents/Eclipse/bundling/envs/org_knime_python_llm/lib/python3.11/site-packages/numpy/core/../../../../libgfortran.5.dylib' (duplicate LC_RPATH '@loader_path'), '/Applications/KNIME 5.4.3.app/Contents/Eclipse/bundling/envs/org_knime_python_llm/lib/python3.11/site-packages/numpy/core/../../../../libgfortran.5.dylib' (duplicate LC_RPATH '@loader_path'), '/Applications/KNIME 5.4.3.app/Contents/Eclipse/bundling/envs/org_knime_python_llm/bin/../lib/libgfortran.5.dylib' (duplicate LC_RPATH '@loader_path'), '/Applications/KNIME 5.4.3.app/Contents/Eclipse/bundling/envs/org_knime_python_llm/bin/../lib/libgfortran.5.dylib' (duplicate LC_RPATH '@loader_path'), '/usr/local/lib/libgfortran.5.dylib' (no such file), '/usr/lib/libgfortran.5.dylib' (no such file, not in dyld cache)

During handling of the above exception, another exception occurred:

Traceback (most recent call last):
  File "/Applications/KNIME 5.4.3.app/Contents/Eclipse/bundling/envs/org_knime_python_llm/lib/python3.11/site-packages/numpy/__init__.py", line 130, in <module>
    from numpy.__config__ import show as show_config
  File "/Applications/KNIME 5.4.3.app/Contents/Eclipse/bundling/envs/org_knime_python_llm/lib/python3.11/site-packages/numpy/__config__.py", line 4, in <module>
    from numpy.core._multiarray_umath import (
  File "/Applications/KNIME 5.4.3.app/Contents/Eclipse/bundling/envs/org_knime_python_llm/lib/python3.11/site-packages/numpy/core/__init__.py", line 50, in <module>
    raise ImportError(msg)
ImportError: 

IMPORTANT: PLEASE READ THIS FOR ADVICE ON HOW TO SOLVE THIS ISSUE!

Importing the numpy C-extensions failed. This error can happen for
many reasons, often due to issues with your setup or how NumPy was
installed.

We have compiled some common reasons and troubleshooting tips at:

    https://numpy.org/devdocs/user/troubleshooting-importerror.html

Please note and check the following:

  * The Python version is: Python3.11 from "/Applications/KNIME 5.4.3.app/Contents/Eclipse/bundling/envs/org_knime_python_llm/bin/python"
  * The NumPy version is: "1.26.4"

and make sure that they are the versions you expect.
Please carefully study the documentation linked above for further help.

Original error was: dlopen(/Applications/KNIME 5.4.3.app/Contents/Eclipse/bundling/envs/org_knime_python_llm/lib/python3.11/site-packages/numpy/core/_multiarray_umath.cpython-311-darwin.so, 0x0002): Library not loaded: @rpath/libgfortran.5.dylib
  Referenced from: <D37BED4E-7F75-3467-A281-7E7E316989C9> /Applications/KNIME 5.4.3.app/Contents/Eclipse/bundling/envs/org_knime_python_llm/lib/libopenblas.0.dylib
  Reason: tried: '/Applications/KNIME 5.4.3.app/Contents/Eclipse/bundling/envs/org_knime_python_llm/lib/libgfortran.5.dylib' (duplicate LC_RPATH '@loader_path'), '/Applications/KNIME 5.4.3.app/Contents/Eclipse/bundling/envs/org_knime_python_llm/lib/libgfortran.5.dylib' (duplicate LC_RPATH '@loader_path'), '/Applications/KNIME 5.4.3.app/Contents/Eclipse/bundling/envs/org_knime_python_llm/lib/python3.11/site-packages/numpy/core/../../../../libgfortran.5.dylib' (duplicate LC_RPATH '@loader_path'), '/Applications/KNIME 5.4.3.app/Contents/Eclipse/bundling/envs/org_knime_python_llm/lib/python3.11/site-packages/numpy/core/../../../../libgfortran.5.dylib' (duplicate LC_RPATH '@loader_path'), '/Applications/KNIME 5.4.3.app/Contents/Eclipse/bundling/envs/org_knime_python_llm/bin/../lib/libgfortran.5.dylib' (duplicate LC_RPATH '@loader_path'), '/Applications/KNIME 5.4.3.app/Contents/Eclipse/bundling/envs/org_knime_python_llm/bin/../lib/libgfortran.5.dylib' (duplicate LC_RPATH '@loader_path'), '/usr/local/lib/libgfortran.5.dylib' (no such file), '/usr/lib/libgfortran.5.dylib' (no such file, not in dyld cache)


The above exception was the direct cause of the following exception:

Traceback (most recent call last):
  File "/Applications/KNIME 5.4.3.app/Contents/Eclipse/plugins/org.knime.python3.nodes_5.4.1.v202501291500/src/main/python/_node_backend_launcher.py", line 62, in <module>
    import knime._arrow._table as kat
  File "/Applications/KNIME 5.4.3.app/Contents/Eclipse/plugins/org.knime.python3.arrow_5.4.0.v202411121140/src/main/python/knime/_arrow/_table.py", line 52, in <module>
    import pyarrow as pa
  File "/Applications/KNIME 5.4.3.app/Contents/Eclipse/bundling/envs/org_knime_python_llm/lib/python3.11/site-packages/pyarrow/__init__.py", line 65, in <module>
    import pyarrow.lib as _lib
  File "pyarrow/lib.pyx", line 24, in init pyarrow.lib
  File "/Applications/KNIME 5.4.3.app/Contents/Eclipse/bundling/envs/org_knime_python_llm/lib/python3.11/site-packages/numpy/__init__.py", line 135, in <module>
    raise ImportError(msg) from e
ImportError: Error importing numpy: you should not try to import numpy from
        its source directory; please exit the numpy source tree, and relaunch
        your python interpreter from there.

2025-04-29 14:56:28,161 : WARN  : KNIME-Worker-0 :  : DefaultPythonGateway :  :  : Python standard output: 
2025-04-29 14:56:28,162 : WARN  : KNIME-Worker-0 :  : DefaultPythonGateway :  :  : Python standard error: Traceback (most recent call last):
  File "/Applications/KNIME 5.4.3.app/Contents/Eclipse/bundling/envs/org_knime_python_llm/lib/python3.11/site-packages/numpy/core/__init__.py", line 24, in <module>
    from . import multiarray
  File "/Applications/KNIME 5.4.3.app/Contents/Eclipse/bundling/envs/org_knime_python_llm/lib/python3.11/site-packages/numpy/core/multiarray.py", line 10, in <module>
    from . import overrides
  File "/Applications/KNIME 5.4.3.app/Contents/Eclipse/bundling/envs/org_knime_python_llm/lib/python3.11/site-packages/numpy/core/overrides.py", line 8, in <module>
    from numpy.core._multiarray_umath import (
ImportError: dlopen(/Applications/KNIME 5.4.3.app/Contents/Eclipse/bundling/envs/org_knime_python_llm/lib/python3.11/site-packages/numpy/core/_multiarray_umath.cpython-311-darwin.so, 0x0002): Library not loaded: @rpath/libgfortran.5.dylib
  Referenced from: <D37BED4E-7F75-3467-A281-7E7E316989C9> /Applications/KNIME 5.4.3.app/Contents/Eclipse/bundling/envs/org_knime_python_llm/lib/libopenblas.0.dylib
  Reason: tried: '/Applications/KNIME 5.4.3.app/Contents/Eclipse/bundling/envs/org_knime_python_llm/lib/libgfortran.5.dylib' (duplicate LC_RPATH '@loader_path'), '/Applications/KNIME 5.4.3.app/Contents/Eclipse/bundling/envs/org_knime_python_llm/lib/libgfortran.5.dylib' (duplicate LC_RPATH '@loader_path'), '/Applications/KNIME 5.4.3.app/Contents/Eclipse/bundling/envs/org_knime_python_llm/lib/python3.11/site-packages/numpy/core/../../../../libgfortran.5.dylib' (duplicate LC_RPATH '@loader_path'), '/Applications/KNIME 5.4.3.app/Contents/Eclipse/bundling/envs/org_knime_python_llm/lib/python3.11/site-packages/numpy/core/../../../../libgfortran.5.dylib' (duplicate LC_RPATH '@loader_path'), '/Applications/KNIME 5.4.3.app/Contents/Eclipse/bundling/envs/org_knime_python_llm/bin/../lib/libgfortran.5.dylib' (duplicate LC_RPATH '@loader_path'), '/Applications/KNIME 5.4.3.app/Contents/Eclipse/bundling/envs/org_knime_python_llm/bin/../lib/libgfortran.5.dylib' (duplicate LC_RPATH '@loader_path'), '/usr/local/lib/libgfortran.5.dylib' (no such file), '/usr/lib/libgfortran.5.dylib' (no such file, not in dyld cache)

During handling of the above exception, another exception occurred:

Traceback (most recent call last):
  File "/Applications/KNIME 5.4.3.app/Contents/Eclipse/bundling/envs/org_knime_python_llm/lib/python3.11/site-packages/numpy/__init__.py", line 130, in <module>
    from numpy.__config__ import show as show_config
  File "/Applications/KNIME 5.4.3.app/Contents/Eclipse/bundling/envs/org_knime_python_llm/lib/python3.11/site-packages/numpy/__config__.py", line 4, in <module>
    from numpy.core._multiarray_umath import (
  File "/Applications/KNIME 5.4.3.app/Contents/Eclipse/bundling/envs/org_knime_python_llm/lib/python3.11/site-packages/numpy/core/__init__.py", line 50, in <module>
    raise ImportError(msg)
ImportError: 

IMPORTANT: PLEASE READ THIS FOR ADVICE ON HOW TO SOLVE THIS ISSUE!

Importing the numpy C-extensions failed. This error can happen for
many reasons, often due to issues with your setup or how NumPy was
installed.

We have compiled some common reasons and troubleshooting tips at:

    https://numpy.org/devdocs/user/troubleshooting-importerror.html

Please note and check the following:

  * The Python version is: Python3.11 from "/Applications/KNIME 5.4.3.app/Contents/Eclipse/bundling/envs/org_knime_python_llm/bin/python"
  * The NumPy version is: "1.26.4"

and make sure that they are the versions you expect.
Please carefully study the documentation linked above for further help.

Original error was: dlopen(/Applications/KNIME 5.4.3.app/Contents/Eclipse/bundling/envs/org_knime_python_llm/lib/python3.11/site-packages/numpy/core/_multiarray_umath.cpython-311-darwin.so, 0x0002): Library not loaded: @rpath/libgfortran.5.dylib
  Referenced from: <D37BED4E-7F75-3467-A281-7E7E316989C9> /Applications/KNIME 5.4.3.app/Contents/Eclipse/bundling/envs/org_knime_python_llm/lib/libopenblas.0.dylib
  Reason: tried: '/Applications/KNIME 5.4.3.app/Contents/Eclipse/bundling/envs/org_knime_python_llm/lib/libgfortran.5.dylib' (duplicate LC_RPATH '@loader_path'), '/Applications/KNIME 5.4.3.app/Contents/Eclipse/bundling/envs/org_knime_python_llm/lib/libgfortran.5.dylib' (duplicate LC_RPATH '@loader_path'), '/Applications/KNIME 5.4.3.app/Contents/Eclipse/bundling/envs/org_knime_python_llm/lib/python3.11/site-packages/numpy/core/../../../../libgfortran.5.dylib' (duplicate LC_RPATH '@loader_path'), '/Applications/KNIME 5.4.3.app/Contents/Eclipse/bundling/envs/org_knime_python_llm/lib/python3.11/site-packages/numpy/core/../../../../libgfortran.5.dylib' (duplicate LC_RPATH '@loader_path'), '/Applications/KNIME 5.4.3.app/Contents/Eclipse/bundling/envs/org_knime_python_llm/bin/../lib/libgfortran.5.dylib' (duplicate LC_RPATH '@loader_path'), '/Applications/KNIME 5.4.3.app/Contents/Eclipse/bundling/envs/org_knime_python_llm/bin/../lib/libgfortran.5.dylib' (duplicate LC_RPATH '@loader_path'), '/usr/local/lib/libgfortran.5.dylib' (no such file), '/usr/lib/libgfortran.5.dylib' (no such file, not in dyld cache)


The above exception was the direct cause of the following exception:

Traceback (most recent call last):
  File "/Applications/KNIME 5.4.3.app/Contents/Eclipse/plugins/org.knime.python3.nodes_5.4.1.v202501291500/src/main/python/_node_backend_launcher.py", line 62, in <module>
    import knime._arrow._table as kat
  File "/Applications/KNIME 5.4.3.app/Contents/Eclipse/plugins/org.knime.python3.arrow_5.4.0.v202411121140/src/main/python/knime/_arrow/_table.py", line 52, in <module>
    import pyarrow as pa
  File "/Applications/KNIME 5.4.3.app/Contents/Eclipse/bundling/envs/org_knime_python_llm/lib/python3.11/site-packages/pyarrow/__init__.py", line 65, in <module>
    import pyarrow.lib as _lib
  File "pyarrow/lib.pyx", line 24, in init pyarrow.lib
  File "/Applications/KNIME 5.4.3.app/Contents/Eclipse/bundling/envs/org_knime_python_llm/lib/python3.11/site-packages/numpy/__init__.py", line 135, in <module>
    raise ImportError(msg) from e
ImportError: Error importing numpy: you should not try to import numpy from
        its source directory; please exit the numpy source tree, and relaunch
        your python interpreter from there.

2025-04-29 14:56:28,162 : ERROR : KNIME-Worker-0 :  : PurePythonNodeSetFactory :  :  : Failed to parse Python node extension at path '/Applications/KNIME 5.4.3.app/Contents/Eclipse/plugins/org.knime.python.llm_5.4.3.v202503051153/src/main/python'. Could not connect to the Python process.
java.net.ConnectException: Could not connect to the Python process.
	at org.knime.python3.DefaultPythonGateway.waitForConnection(DefaultPythonGateway.java:281)
	at org.knime.python3.DefaultPythonGateway.<init>(DefaultPythonGateway.java:204)
	at org.knime.python3.DefaultPythonGateway.create(DefaultPythonGateway.java:150)
	at org.knime.python3.FreshPythonGatewayFactory.create(FreshPythonGatewayFactory.java:78)
	at org.knime.python3.QueuedPythonGatewayFactory$PythonGatewayQueue.takeOrCreateGatewayAndEnqueue(QueuedPythonGatewayFactory.java:276)
	at org.knime.python3.QueuedPythonGatewayFactory$PythonGatewayQueue.getNextGateway(QueuedPythonGatewayFactory.java:253)
	at org.knime.python3.QueuedPythonGatewayFactory.create(QueuedPythonGatewayFactory.java:118)
	at org.knime.python3.nodes.PythonNodeGatewayFactory.create(PythonNodeGatewayFactory.java:138)
	at org.knime.python3.nodes.PythonExtensionParser.retrieveDynamicInformationFromPython(PythonExtensionParser.java:181)
	at org.knime.python3.nodes.PythonExtensionParser.parseExtension(PythonExtensionParser.java:130)
	at org.knime.python3.nodes.PurePythonNodeSetFactory.parseExtension(PurePythonNodeSetFactory.java:113)
	at org.knime.python3.nodes.PurePythonNodeSetFactory.lambda$3(PurePythonNodeSetFactory.java:107)
	at java.base/java.util.stream.ReferencePipeline$3$1.accept(Unknown Source)
	at java.base/java.util.ArrayList$ArrayListSpliterator.forEachRemaining(Unknown Source)
	at java.base/java.util.stream.AbstractPipeline.copyInto(Unknown Source)
	at java.base/java.util.stream.AbstractPipeline.wrapAndCopyInto(Unknown Source)
	at java.base/java.util.stream.StreamSpliterators$WrappingSpliterator.forEachRemaining(Unknown Source)
	at java.base/java.util.stream.Streams$ConcatSpliterator.forEachRemaining(Unknown Source)
	at java.base/java.util.stream.AbstractPipeline.copyInto(Unknown Source)
	at java.base/java.util.stream.AbstractPipeline.wrapAndCopyInto(Unknown Source)
	at java.base/java.util.stream.ReduceOps$ReduceOp.evaluateSequential(Unknown Source)
	at java.base/java.util.stream.AbstractPipeline.evaluate(Unknown Source)
	at java.base/java.util.stream.ReferencePipeline.collect(Unknown Source)
	at org.knime.python3.nodes.extension.ExtensionNodeSetFactory.<init>(ExtensionNodeSetFactory.java:119)
	at org.knime.python3.nodes.PurePythonNodeSetFactory.<init>(PurePythonNodeSetFactory.java:88)
	at java.base/jdk.internal.reflect.NativeConstructorAccessorImpl.newInstance0(Native Method)
	at java.base/jdk.internal.reflect.NativeConstructorAccessorImpl.newInstance(Unknown Source)
	at java.base/jdk.internal.reflect.DelegatingConstructorAccessorImpl.newInstance(Unknown Source)
	at java.base/java.lang.reflect.Constructor.newInstanceWithCaller(Unknown Source)
	at java.base/java.lang.reflect.Constructor.newInstance(Unknown Source)
	at org.eclipse.core.internal.registry.osgi.RegistryStrategyOSGI.createExecutableExtension(RegistryStrategyOSGI.java:233)
	at org.eclipse.core.internal.registry.ExtensionRegistry.createExecutableExtension(ExtensionRegistry.java:987)
	at org.eclipse.core.internal.registry.ConfigurationElement.createExecutableExtension(ConfigurationElement.java:255)
	at org.eclipse.core.internal.registry.ConfigurationElementHandle.createExecutableExtension(ConfigurationElementHandle.java:65)
	at org.knime.core.node.extension.CategoryExtensionUtil.collectFromCategorySetsExtPoint(CategoryExtensionUtil.java:125)
	at org.knime.core.node.extension.CategoryExtensionUtil.collectCategoryExtensions(CategoryExtensionUtil.java:91)
	at org.knime.core.node.extension.NodeSpecCollectionProvider.getInstance(NodeSpecCollectionProvider.java:84)
	at java.base/java.util.concurrent.FutureTask.run(Unknown Source)
	at org.knime.core.util.ThreadPool$MyFuture.run(ThreadPool.java:123)
	at org.knime.core.util.ThreadPool$Worker.run(ThreadPool.java:246)
2025-04-29 14:56:52,771 : WARN  : ForkJoinPool.commonPool-worker-2 :  : DefaultPythonGateway :  :  : Python standard output: 
2025-04-29 14:56:52,772 : WARN  : ForkJoinPool.commonPool-worker-2 :  : DefaultPythonGateway :  :  : Python standard error: Traceback (most recent call last):
  File "/Applications/KNIME 5.4.3.app/Contents/Eclipse/bundling/envs/org_knime_python_llm/lib/python3.11/site-packages/numpy/core/__init__.py", line 24, in <module>
    from . import multiarray
  File "/Applications/KNIME 5.4.3.app/Contents/Eclipse/bundling/envs/org_knime_python_llm/lib/python3.11/site-packages/numpy/core/multiarray.py", line 10, in <module>
    from . import overrides
  File "/Applications/KNIME 5.4.3.app/Contents/Eclipse/bundling/envs/org_knime_python_llm/lib/python3.11/site-packages/numpy/core/overrides.py", line 8, in <module>
    from numpy.core._multiarray_umath import (
ImportError: dlopen(/Applications/KNIME 5.4.3.app/Contents/Eclipse/bundling/envs/org_knime_python_llm/lib/python3.11/site-packages/numpy/core/_multiarray_umath.cpython-311-darwin.so, 0x0002): Library not loaded: @rpath/libgfortran.5.dylib
  Referenced from: <D37BED4E-7F75-3467-A281-7E7E316989C9> /Applications/KNIME 5.4.3.app/Contents/Eclipse/bundling/envs/org_knime_python_llm/lib/libopenblas.0.dylib
  Reason: tried: '/Applications/KNIME 5.4.3.app/Contents/Eclipse/bundling/envs/org_knime_python_llm/lib/libgfortran.5.dylib' (duplicate LC_RPATH '@loader_path'), '/Applications/KNIME 5.4.3.app/Contents/Eclipse/bundling/envs/org_knime_python_llm/lib/libgfortran.5.dylib' (duplicate LC_RPATH '@loader_path'), '/Applications/KNIME 5.4.3.app/Contents/Eclipse/bundling/envs/org_knime_python_llm/lib/python3.11/site-packages/numpy/core/../../../../libgfortran.5.dylib' (duplicate LC_RPATH '@loader_path'), '/Applications/KNIME 5.4.3.app/Contents/Eclipse/bundling/envs/org_knime_python_llm/lib/python3.11/site-packages/numpy/core/../../../../libgfortran.5.dylib' (duplicate LC_RPATH '@loader_path'), '/Applications/KNIME 5.4.3.app/Contents/Eclipse/bundling/envs/org_knime_python_llm/bin/../lib/libgfortran.5.dylib' (duplicate LC_RPATH '@loader_path'), '/Applications/KNIME 5.4.3.app/Contents/Eclipse/bundling/envs/org_knime_python_llm/bin/../lib/libgfortran.5.dylib' (duplicate LC_RPATH '@loader_path'), '/usr/local/lib/libgfortran.5.dylib' (no such file), '/usr/lib/libgfortran.5.dylib' (no such file, not in dyld cache)

During handling of the above exception, another exception occurred:

Traceback (most recent call last):
  File "/Applications/KNIME 5.4.3.app/Contents/Eclipse/bundling/envs/org_knime_python_llm/lib/python3.11/site-packages/numpy/__init__.py", line 130, in <module>
    from numpy.__config__ import show as show_config
  File "/Applications/KNIME 5.4.3.app/Contents/Eclipse/bundling/envs/org_knime_python_llm/lib/python3.11/site-packages/numpy/__config__.py", line 4, in <module>
    from numpy.core._multiarray_umath import (
  File "/Applications/KNIME 5.4.3.app/Contents/Eclipse/bundling/envs/org_knime_python_llm/lib/python3.11/site-packages/numpy/core/__init__.py", line 50, in <module>
    raise ImportError(msg)
ImportError: 

IMPORTANT: PLEASE READ THIS FOR ADVICE ON HOW TO SOLVE THIS ISSUE!

Importing the numpy C-extensions failed. This error can happen for
many reasons, often due to issues with your setup or how NumPy was
installed.

We have compiled some common reasons and troubleshooting tips at:

    https://numpy.org/devdocs/user/troubleshooting-importerror.html

Please note and check the following:

  * The Python version is: Python3.11 from "/Applications/KNIME 5.4.3.app/Contents/Eclipse/bundling/envs/org_knime_python_llm/bin/python"
  * The NumPy version is: "1.26.4"

and make sure that they are the versions you expect.
Please carefully study the documentation linked above for further help.

Original error was: dlopen(/Applications/KNIME 5.4.3.app/Contents/Eclipse/bundling/envs/org_knime_python_llm/lib/python3.11/site-packages/numpy/core/_multiarray_umath.cpython-311-darwin.so, 0x0002): Library not loaded: @rpath/libgfortran.5.dylib
  Referenced from: <D37BED4E-7F75-3467-A281-7E7E316989C9> /Applications/KNIME 5.4.3.app/Contents/Eclipse/bundling/envs/org_knime_python_llm/lib/libopenblas.0.dylib
  Reason: tried: '/Applications/KNIME 5.4.3.app/Contents/Eclipse/bundling/envs/org_knime_python_llm/lib/libgfortran.5.dylib' (duplicate LC_RPATH '@loader_path'), '/Applications/KNIME 5.4.3.app/Contents/Eclipse/bundling/envs/org_knime_python_llm/lib/libgfortran.5.dylib' (duplicate LC_RPATH '@loader_path'), '/Applications/KNIME 5.4.3.app/Contents/Eclipse/bundling/envs/org_knime_python_llm/lib/python3.11/site-packages/numpy/core/../../../../libgfortran.5.dylib' (duplicate LC_RPATH '@loader_path'), '/Applications/KNIME 5.4.3.app/Contents/Eclipse/bundling/envs/org_knime_python_llm/lib/python3.11/site-packages/numpy/core/../../../../libgfortran.5.dylib' (duplicate LC_RPATH '@loader_path'), '/Applications/KNIME 5.4.3.app/Contents/Eclipse/bundling/envs/org_knime_python_llm/bin/../lib/libgfortran.5.dylib' (duplicate LC_RPATH '@loader_path'), '/Applications/KNIME 5.4.3.app/Contents/Eclipse/bundling/envs/org_knime_python_llm/bin/../lib/libgfortran.5.dylib' (duplicate LC_RPATH '@loader_path'), '/usr/local/lib/libgfortran.5.dylib' (no such file), '/usr/lib/libgfortran.5.dylib' (no such file, not in dyld cache)


The above exception was the direct cause of the following exception:

Traceback (most recent call last):
  File "/Applications/KNIME 5.4.3.app/Contents/Eclipse/plugins/org.knime.python3.nodes_5.4.1.v202501291500/src/main/python/_node_backend_launcher.py", line 62, in <module>
    import knime._arrow._table as kat
  File "/Applications/KNIME 5.4.3.app/Contents/Eclipse/plugins/org.knime.python3.arrow_5.4.0.v202411121140/src/main/python/knime/_arrow/_table.py", line 52, in <module>
    import pyarrow as pa
  File "/Applications/KNIME 5.4.3.app/Contents/Eclipse/bundling/envs/org_knime_python_llm/lib/python3.11/site-packages/pyarrow/__init__.py", line 65, in <module>
    import pyarrow.lib as _lib
  File "pyarrow/lib.pyx", line 24, in init pyarrow.lib
  File "/Applications/KNIME 5.4.3.app/Contents/Eclipse/bundling/envs/org_knime_python_llm/lib/python3.11/site-packages/numpy/__init__.py", line 135, in <module>
    raise ImportError(msg) from e
ImportError: Error importing numpy: you should not try to import numpy from
        its source directory; please exit the numpy source tree, and relaunch
        your python interpreter from there.

2025-04-29 14:56:52,772 : ERROR : ForkJoinPool.commonPool-worker-2 :  : PurePythonNodeSetFactory :  :  : Failed to parse Python node extension at path '/Applications/KNIME 5.4.3.app/Contents/Eclipse/plugins/org.knime.python.llm_5.4.3.v202503051153/src/main/python'. Could not connect to the Python process.
java.net.ConnectException: Could not connect to the Python process.
	at org.knime.python3.DefaultPythonGateway.waitForConnection(DefaultPythonGateway.java:281)
	at org.knime.python3.DefaultPythonGateway.<init>(DefaultPythonGateway.java:204)
	at org.knime.python3.DefaultPythonGateway.create(DefaultPythonGateway.java:150)
	at org.knime.python3.FreshPythonGatewayFactory.create(FreshPythonGatewayFactory.java:78)
	at org.knime.python3.QueuedPythonGatewayFactory$PythonGatewayQueue.takeOrCreateGatewayAndEnqueue(QueuedPythonGatewayFactory.java:276)
	at org.knime.python3.QueuedPythonGatewayFactory$PythonGatewayQueue.getNextGateway(QueuedPythonGatewayFactory.java:253)
	at org.knime.python3.QueuedPythonGatewayFactory.create(QueuedPythonGatewayFactory.java:118)
	at org.knime.python3.nodes.PythonNodeGatewayFactory.create(PythonNodeGatewayFactory.java:138)
	at org.knime.python3.nodes.PythonExtensionParser.retrieveDynamicInformationFromPython(PythonExtensionParser.java:181)
	at org.knime.python3.nodes.PythonExtensionParser.parseExtension(PythonExtensionParser.java:130)
	at org.knime.python3.nodes.PurePythonNodeSetFactory.parseExtension(PurePythonNodeSetFactory.java:113)
	at org.knime.python3.nodes.PurePythonNodeSetFactory.lambda$3(PurePythonNodeSetFactory.java:107)
	at java.base/java.util.stream.ReferencePipeline$3$1.accept(Unknown Source)
	at java.base/java.util.ArrayList$ArrayListSpliterator.forEachRemaining(Unknown Source)
	at java.base/java.util.stream.AbstractPipeline.copyInto(Unknown Source)
	at java.base/java.util.stream.AbstractPipeline.wrapAndCopyInto(Unknown Source)
	at java.base/java.util.stream.StreamSpliterators$WrappingSpliterator.forEachRemaining(Unknown Source)
	at java.base/java.util.stream.Streams$ConcatSpliterator.forEachRemaining(Unknown Source)
	at java.base/java.util.stream.AbstractPipeline.copyInto(Unknown Source)
	at java.base/java.util.stream.AbstractPipeline.wrapAndCopyInto(Unknown Source)
	at java.base/java.util.stream.ReduceOps$ReduceOp.evaluateSequential(Unknown Source)
	at java.base/java.util.stream.AbstractPipeline.evaluate(Unknown Source)
	at java.base/java.util.stream.ReferencePipeline.collect(Unknown Source)
	at org.knime.python3.nodes.extension.ExtensionNodeSetFactory.<init>(ExtensionNodeSetFactory.java:119)
	at org.knime.python3.nodes.PurePythonNodeSetFactory.<init>(PurePythonNodeSetFactory.java:88)
	at java.base/jdk.internal.reflect.NativeConstructorAccessorImpl.newInstance0(Native Method)
	at java.base/jdk.internal.reflect.NativeConstructorAccessorImpl.newInstance(Unknown Source)
	at java.base/jdk.internal.reflect.DelegatingConstructorAccessorImpl.newInstance(Unknown Source)
	at java.base/java.lang.reflect.Constructor.newInstanceWithCaller(Unknown Source)
	at java.base/java.lang.reflect.Constructor.newInstance(Unknown Source)
	at org.eclipse.core.internal.registry.osgi.RegistryStrategyOSGI.createExecutableExtension(RegistryStrategyOSGI.java:233)
	at org.eclipse.core.internal.registry.ExtensionRegistry.createExecutableExtension(ExtensionRegistry.java:987)
	at org.eclipse.core.internal.registry.ConfigurationElement.createExecutableExtension(ConfigurationElement.java:255)
	at org.eclipse.core.internal.registry.ConfigurationElementHandle.createExecutableExtension(ConfigurationElementHandle.java:65)
	at org.knime.core.node.extension.NodeSetFactoryExtension.from(NodeSetFactoryExtension.java:274)
	at java.base/java.util.stream.ReferencePipeline$3$1.accept(Unknown Source)
	at java.base/java.util.Spliterators$ArraySpliterator.forEachRemaining(Unknown Source)
	at java.base/java.util.stream.AbstractPipeline.copyInto(Unknown Source)
	at java.base/java.util.stream.AbstractPipeline.wrapAndCopyInto(Unknown Source)
	at java.base/java.util.stream.Nodes$CollectorTask.doLeaf(Unknown Source)
	at java.base/java.util.stream.Nodes$CollectorTask.doLeaf(Unknown Source)
	at java.base/java.util.stream.AbstractTask.compute(Unknown Source)
	at java.base/java.util.concurrent.CountedCompleter.exec(Unknown Source)
	at java.base/java.util.concurrent.ForkJoinTask.doExec(Unknown Source)
	at java.base/java.util.concurrent.ForkJoinPool$WorkQueue.topLevelExec(Unknown Source)
	at java.base/java.util.concurrent.ForkJoinPool.scan(Unknown Source)
	at java.base/java.util.concurrent.ForkJoinPool.runWorker(Unknown Source)
	at java.base/java.util.concurrent.ForkJoinWorkerThread.run(Unknown Source)
2025-04-29 14:56:52,887 : WARN  : python-gateway-creator-0 :  : DefaultPythonGateway :  :  : Python standard output: 
2025-04-29 14:56:52,887 : WARN  : python-gateway-creator-0 :  : DefaultPythonGateway :  :  : Python standard error: Traceback (most recent call last):
  File "/Applications/KNIME 5.4.3.app/Contents/Eclipse/bundling/envs/org_knime_python_llm/lib/python3.11/site-packages/numpy/core/__init__.py", line 24, in <module>
    from . import multiarray
  File "/Applications/KNIME 5.4.3.app/Contents/Eclipse/bundling/envs/org_knime_python_llm/lib/python3.11/site-packages/numpy/core/multiarray.py", line 10, in <module>
    from . import overrides
  File "/Applications/KNIME 5.4.3.app/Contents/Eclipse/bundling/envs/org_knime_python_llm/lib/python3.11/site-packages/numpy/core/overrides.py", line 8, in <module>
    from numpy.core._multiarray_umath import (
ImportError: dlopen(/Applications/KNIME 5.4.3.app/Contents/Eclipse/bundling/envs/org_knime_python_llm/lib/python3.11/site-packages/numpy/core/_multiarray_umath.cpython-311-darwin.so, 0x0002): Library not loaded: @rpath/libgfortran.5.dylib
  Referenced from: <D37BED4E-7F75-3467-A281-7E7E316989C9> /Applications/KNIME 5.4.3.app/Contents/Eclipse/bundling/envs/org_knime_python_llm/lib/libopenblas.0.dylib
  Reason: tried: '/Applications/KNIME 5.4.3.app/Contents/Eclipse/bundling/envs/org_knime_python_llm/lib/libgfortran.5.dylib' (duplicate LC_RPATH '@loader_path'), '/Applications/KNIME 5.4.3.app/Contents/Eclipse/bundling/envs/org_knime_python_llm/lib/libgfortran.5.dylib' (duplicate LC_RPATH '@loader_path'), '/Applications/KNIME 5.4.3.app/Contents/Eclipse/bundling/envs/org_knime_python_llm/lib/python3.11/site-packages/numpy/core/../../../../libgfortran.5.dylib' (duplicate LC_RPATH '@loader_path'), '/Applications/KNIME 5.4.3.app/Contents/Eclipse/bundling/envs/org_knime_python_llm/lib/python3.11/site-packages/numpy/core/../../../../libgfortran.5.dylib' (duplicate LC_RPATH '@loader_path'), '/Applications/KNIME 5.4.3.app/Contents/Eclipse/bundling/envs/org_knime_python_llm/bin/../lib/libgfortran.5.dylib' (duplicate LC_RPATH '@loader_path'), '/Applications/KNIME 5.4.3.app/Contents/Eclipse/bundling/envs/org_knime_python_llm/bin/../lib/libgfortran.5.dylib' (duplicate LC_RPATH '@loader_path'), '/usr/local/lib/libgfortran.5.dylib' (no such file), '/usr/lib/libgfortran.5.dylib' (no such file, not in dyld cache)

During handling of the above exception, another exception occurred:

Traceback (most recent call last):
  File "/Applications/KNIME 5.4.3.app/Contents/Eclipse/bundling/envs/org_knime_python_llm/lib/python3.11/site-packages/numpy/__init__.py", line 130, in <module>
    from numpy.__config__ import show as show_config
  File "/Applications/KNIME 5.4.3.app/Contents/Eclipse/bundling/envs/org_knime_python_llm/lib/python3.11/site-packages/numpy/__config__.py", line 4, in <module>
    from numpy.core._multiarray_umath import (
  File "/Applications/KNIME 5.4.3.app/Contents/Eclipse/bundling/envs/org_knime_python_llm/lib/python3.11/site-packages/numpy/core/__init__.py", line 50, in <module>
    raise ImportError(msg)
ImportError: 

IMPORTANT: PLEASE READ THIS FOR ADVICE ON HOW TO SOLVE THIS ISSUE!

Importing the numpy C-extensions failed. This error can happen for
many reasons, often due to issues with your setup or how NumPy was
installed.

We have compiled some common reasons and troubleshooting tips at:

    https://numpy.org/devdocs/user/troubleshooting-importerror.html

Please note and check the following:

  * The Python version is: Python3.11 from "/Applications/KNIME 5.4.3.app/Contents/Eclipse/bundling/envs/org_knime_python_llm/bin/python"
  * The NumPy version is: "1.26.4"

and make sure that they are the versions you expect.
Please carefully study the documentation linked above for further help.

Original error was: dlopen(/Applications/KNIME 5.4.3.app/Contents/Eclipse/bundling/envs/org_knime_python_llm/lib/python3.11/site-packages/numpy/core/_multiarray_umath.cpython-311-darwin.so, 0x0002): Library not loaded: @rpath/libgfortran.5.dylib
  Referenced from: <D37BED4E-7F75-3467-A281-7E7E316989C9> /Applications/KNIME 5.4.3.app/Contents/Eclipse/bundling/envs/org_knime_python_llm/lib/libopenblas.0.dylib
  Reason: tried: '/Applications/KNIME 5.4.3.app/Contents/Eclipse/bundling/envs/org_knime_python_llm/lib/libgfortran.5.dylib' (duplicate LC_RPATH '@loader_path'), '/Applications/KNIME 5.4.3.app/Contents/Eclipse/bundling/envs/org_knime_python_llm/lib/libgfortran.5.dylib' (duplicate LC_RPATH '@loader_path'), '/Applications/KNIME 5.4.3.app/Contents/Eclipse/bundling/envs/org_knime_python_llm/lib/python3.11/site-packages/numpy/core/../../../../libgfortran.5.dylib' (duplicate LC_RPATH '@loader_path'), '/Applications/KNIME 5.4.3.app/Contents/Eclipse/bundling/envs/org_knime_python_llm/lib/python3.11/site-packages/numpy/core/../../../../libgfortran.5.dylib' (duplicate LC_RPATH '@loader_path'), '/Applications/KNIME 5.4.3.app/Contents/Eclipse/bundling/envs/org_knime_python_llm/bin/../lib/libgfortran.5.dylib' (duplicate LC_RPATH '@loader_path'), '/Applications/KNIME 5.4.3.app/Contents/Eclipse/bundling/envs/org_knime_python_llm/bin/../lib/libgfortran.5.dylib' (duplicate LC_RPATH '@loader_path'), '/usr/local/lib/libgfortran.5.dylib' (no such file), '/usr/lib/libgfortran.5.dylib' (no such file, not in dyld cache)


The above exception was the direct cause of the following exception:

Traceback (most recent call last):
  File "/Applications/KNIME 5.4.3.app/Contents/Eclipse/plugins/org.knime.python3.nodes_5.4.1.v202501291500/src/main/python/_node_backend_launcher.py", line 62, in <module>
    import knime._arrow._table as kat
  File "/Applications/KNIME 5.4.3.app/Contents/Eclipse/plugins/org.knime.python3.arrow_5.4.0.v202411121140/src/main/python/knime/_arrow/_table.py", line 52, in <module>
    import pyarrow as pa
  File "/Applications/KNIME 5.4.3.app/Contents/Eclipse/bundling/envs/org_knime_python_llm/lib/python3.11/site-packages/pyarrow/__init__.py", line 65, in <module>
    import pyarrow.lib as _lib
  File "pyarrow/lib.pyx", line 24, in init pyarrow.lib
  File "/Applications/KNIME 5.4.3.app/Contents/Eclipse/bundling/envs/org_knime_python_llm/lib/python3.11/site-packages/numpy/__init__.py", line 135, in <module>
    raise ImportError(msg) from e
ImportError: Error importing numpy: you should not try to import numpy from
        its source directory; please exit the numpy source tree, and relaunch
        your python interpreter from there.

2025-04-29 14:56:53,002 : WARN  : python-gateway-creator-1 :  : DefaultPythonGateway :  :  : Python standard output: 
2025-04-29 14:56:53,002 : WARN  : python-gateway-creator-1 :  : DefaultPythonGateway :  :  : Python standard error: Traceback (most recent call last):
  File "/Applications/KNIME 5.4.3.app/Contents/Eclipse/bundling/envs/org_knime_python_llm/lib/python3.11/site-packages/numpy/core/__init__.py", line 24, in <module>
    from . import multiarray
  File "/Applications/KNIME 5.4.3.app/Contents/Eclipse/bundling/envs/org_knime_python_llm/lib/python3.11/site-packages/numpy/core/multiarray.py", line 10, in <module>
    from . import overrides
  File "/Applications/KNIME 5.4.3.app/Contents/Eclipse/bundling/envs/org_knime_python_llm/lib/python3.11/site-packages/numpy/core/overrides.py", line 8, in <module>
    from numpy.core._multiarray_umath import (
ImportError: dlopen(/Applications/KNIME 5.4.3.app/Contents/Eclipse/bundling/envs/org_knime_python_llm/lib/python3.11/site-packages/numpy/core/_multiarray_umath.cpython-311-darwin.so, 0x0002): Library not loaded: @rpath/libgfortran.5.dylib
  Referenced from: <D37BED4E-7F75-3467-A281-7E7E316989C9> /Applications/KNIME 5.4.3.app/Contents/Eclipse/bundling/envs/org_knime_python_llm/lib/libopenblas.0.dylib
  Reason: tried: '/Applications/KNIME 5.4.3.app/Contents/Eclipse/bundling/envs/org_knime_python_llm/lib/libgfortran.5.dylib' (duplicate LC_RPATH '@loader_path'), '/Applications/KNIME 5.4.3.app/Contents/Eclipse/bundling/envs/org_knime_python_llm/lib/libgfortran.5.dylib' (duplicate LC_RPATH '@loader_path'), '/Applications/KNIME 5.4.3.app/Contents/Eclipse/bundling/envs/org_knime_python_llm/lib/python3.11/site-packages/numpy/core/../../../../libgfortran.5.dylib' (duplicate LC_RPATH '@loader_path'), '/Applications/KNIME 5.4.3.app/Contents/Eclipse/bundling/envs/org_knime_python_llm/lib/python3.11/site-packages/numpy/core/../../../../libgfortran.5.dylib' (duplicate LC_RPATH '@loader_path'), '/Applications/KNIME 5.4.3.app/Contents/Eclipse/bundling/envs/org_knime_python_llm/bin/../lib/libgfortran.5.dylib' (duplicate LC_RPATH '@loader_path'), '/Applications/KNIME 5.4.3.app/Contents/Eclipse/bundling/envs/org_knime_python_llm/bin/../lib/libgfortran.5.dylib' (duplicate LC_RPATH '@loader_path'), '/usr/local/lib/libgfortran.5.dylib' (no such file), '/usr/lib/libgfortran.5.dylib' (no such file, not in dyld cache)

During handling of the above exception, another exception occurred:

Traceback (most recent call last):
  File "/Applications/KNIME 5.4.3.app/Contents/Eclipse/bundling/envs/org_knime_python_llm/lib/python3.11/site-packages/numpy/__init__.py", line 130, in <module>
    from numpy.__config__ import show as show_config
  File "/Applications/KNIME 5.4.3.app/Contents/Eclipse/bundling/envs/org_knime_python_llm/lib/python3.11/site-packages/numpy/__config__.py", line 4, in <module>
    from numpy.core._multiarray_umath import (
  File "/Applications/KNIME 5.4.3.app/Contents/Eclipse/bundling/envs/org_knime_python_llm/lib/python3.11/site-packages/numpy/core/__init__.py", line 50, in <module>
    raise ImportError(msg)
ImportError: 

IMPORTANT: PLEASE READ THIS FOR ADVICE ON HOW TO SOLVE THIS ISSUE!

Importing the numpy C-extensions failed. This error can happen for
many reasons, often due to issues with your setup or how NumPy was
installed.

We have compiled some common reasons and troubleshooting tips at:

    https://numpy.org/devdocs/user/troubleshooting-importerror.html

Please note and check the following:

  * The Python version is: Python3.11 from "/Applications/KNIME 5.4.3.app/Contents/Eclipse/bundling/envs/org_knime_python_llm/bin/python"
  * The NumPy version is: "1.26.4"

and make sure that they are the versions you expect.
Please carefully study the documentation linked above for further help.

Original error was: dlopen(/Applications/KNIME 5.4.3.app/Contents/Eclipse/bundling/envs/org_knime_python_llm/lib/python3.11/site-packages/numpy/core/_multiarray_umath.cpython-311-darwin.so, 0x0002): Library not loaded: @rpath/libgfortran.5.dylib
  Referenced from: <D37BED4E-7F75-3467-A281-7E7E316989C9> /Applications/KNIME 5.4.3.app/Contents/Eclipse/bundling/envs/org_knime_python_llm/lib/libopenblas.0.dylib
  Reason: tried: '/Applications/KNIME 5.4.3.app/Contents/Eclipse/bundling/envs/org_knime_python_llm/lib/libgfortran.5.dylib' (duplicate LC_RPATH '@loader_path'), '/Applications/KNIME 5.4.3.app/Contents/Eclipse/bundling/envs/org_knime_python_llm/lib/libgfortran.5.dylib' (duplicate LC_RPATH '@loader_path'), '/Applications/KNIME 5.4.3.app/Contents/Eclipse/bundling/envs/org_knime_python_llm/lib/python3.11/site-packages/numpy/core/../../../../libgfortran.5.dylib' (duplicate LC_RPATH '@loader_path'), '/Applications/KNIME 5.4.3.app/Contents/Eclipse/bundling/envs/org_knime_python_llm/lib/python3.11/site-packages/numpy/core/../../../../libgfortran.5.dylib' (duplicate LC_RPATH '@loader_path'), '/Applications/KNIME 5.4.3.app/Contents/Eclipse/bundling/envs/org_knime_python_llm/bin/../lib/libgfortran.5.dylib' (duplicate LC_RPATH '@loader_path'), '/Applications/KNIME 5.4.3.app/Contents/Eclipse/bundling/envs/org_knime_python_llm/bin/../lib/libgfortran.5.dylib' (duplicate LC_RPATH '@loader_path'), '/usr/local/lib/libgfortran.5.dylib' (no such file), '/usr/lib/libgfortran.5.dylib' (no such file, not in dyld cache)


The above exception was the direct cause of the following exception:

Traceback (most recent call last):
  File "/Applications/KNIME 5.4.3.app/Contents/Eclipse/plugins/org.knime.python3.nodes_5.4.1.v202501291500/src/main/python/_node_backend_launcher.py", line 62, in <module>
    import knime._arrow._table as kat
  File "/Applications/KNIME 5.4.3.app/Contents/Eclipse/plugins/org.knime.python3.arrow_5.4.0.v202411121140/src/main/python/knime/_arrow/_table.py", line 52, in <module>
    import pyarrow as pa
  File "/Applications/KNIME 5.4.3.app/Contents/Eclipse/bundling/envs/org_knime_python_llm/lib/python3.11/site-packages/pyarrow/__init__.py", line 65, in <module>
    import pyarrow.lib as _lib
  File "pyarrow/lib.pyx", line 24, in init pyarrow.lib
  File "/Applications/KNIME 5.4.3.app/Contents/Eclipse/bundling/envs/org_knime_python_llm/lib/python3.11/site-packages/numpy/__init__.py", line 135, in <module>
    raise ImportError(msg) from e
ImportError: Error importing numpy: you should not try to import numpy from
        its source directory; please exit the numpy source tree, and relaunch
        your python interpreter from there.

2025-04-29 14:56:53,113 : WARN  : KNIME-Worker-0 :  : DefaultPythonGateway :  :  : Python standard output: 
2025-04-29 14:56:53,114 : WARN  : KNIME-Worker-0 :  : DefaultPythonGateway :  :  : Python standard error: Traceback (most recent call last):
  File "/Applications/KNIME 5.4.3.app/Contents/Eclipse/bundling/envs/org_knime_python_llm/lib/python3.11/site-packages/numpy/core/__init__.py", line 24, in <module>
    from . import multiarray
  File "/Applications/KNIME 5.4.3.app/Contents/Eclipse/bundling/envs/org_knime_python_llm/lib/python3.11/site-packages/numpy/core/multiarray.py", line 10, in <module>
    from . import overrides
  File "/Applications/KNIME 5.4.3.app/Contents/Eclipse/bundling/envs/org_knime_python_llm/lib/python3.11/site-packages/numpy/core/overrides.py", line 8, in <module>
    from numpy.core._multiarray_umath import (
ImportError: dlopen(/Applications/KNIME 5.4.3.app/Contents/Eclipse/bundling/envs/org_knime_python_llm/lib/python3.11/site-packages/numpy/core/_multiarray_umath.cpython-311-darwin.so, 0x0002): Library not loaded: @rpath/libgfortran.5.dylib
  Referenced from: <D37BED4E-7F75-3467-A281-7E7E316989C9> /Applications/KNIME 5.4.3.app/Contents/Eclipse/bundling/envs/org_knime_python_llm/lib/libopenblas.0.dylib
  Reason: tried: '/Applications/KNIME 5.4.3.app/Contents/Eclipse/bundling/envs/org_knime_python_llm/lib/libgfortran.5.dylib' (duplicate LC_RPATH '@loader_path'), '/Applications/KNIME 5.4.3.app/Contents/Eclipse/bundling/envs/org_knime_python_llm/lib/libgfortran.5.dylib' (duplicate LC_RPATH '@loader_path'), '/Applications/KNIME 5.4.3.app/Contents/Eclipse/bundling/envs/org_knime_python_llm/lib/python3.11/site-packages/numpy/core/../../../../libgfortran.5.dylib' (duplicate LC_RPATH '@loader_path'), '/Applications/KNIME 5.4.3.app/Contents/Eclipse/bundling/envs/org_knime_python_llm/lib/python3.11/site-packages/numpy/core/../../../../libgfortran.5.dylib' (duplicate LC_RPATH '@loader_path'), '/Applications/KNIME 5.4.3.app/Contents/Eclipse/bundling/envs/org_knime_python_llm/bin/../lib/libgfortran.5.dylib' (duplicate LC_RPATH '@loader_path'), '/Applications/KNIME 5.4.3.app/Contents/Eclipse/bundling/envs/org_knime_python_llm/bin/../lib/libgfortran.5.dylib' (duplicate LC_RPATH '@loader_path'), '/usr/local/lib/libgfortran.5.dylib' (no such file), '/usr/lib/libgfortran.5.dylib' (no such file, not in dyld cache)

During handling of the above exception, another exception occurred:

Traceback (most recent call last):
  File "/Applications/KNIME 5.4.3.app/Contents/Eclipse/bundling/envs/org_knime_python_llm/lib/python3.11/site-packages/numpy/__init__.py", line 130, in <module>
    from numpy.__config__ import show as show_config
  File "/Applications/KNIME 5.4.3.app/Contents/Eclipse/bundling/envs/org_knime_python_llm/lib/python3.11/site-packages/numpy/__config__.py", line 4, in <module>
    from numpy.core._multiarray_umath import (
  File "/Applications/KNIME 5.4.3.app/Contents/Eclipse/bundling/envs/org_knime_python_llm/lib/python3.11/site-packages/numpy/core/__init__.py", line 50, in <module>
    raise ImportError(msg)
ImportError: 

IMPORTANT: PLEASE READ THIS FOR ADVICE ON HOW TO SOLVE THIS ISSUE!

Importing the numpy C-extensions failed. This error can happen for
many reasons, often due to issues with your setup or how NumPy was
installed.

We have compiled some common reasons and troubleshooting tips at:

    https://numpy.org/devdocs/user/troubleshooting-importerror.html

Please note and check the following:

  * The Python version is: Python3.11 from "/Applications/KNIME 5.4.3.app/Contents/Eclipse/bundling/envs/org_knime_python_llm/bin/python"
  * The NumPy version is: "1.26.4"

and make sure that they are the versions you expect.
Please carefully study the documentation linked above for further help.

Original error was: dlopen(/Applications/KNIME 5.4.3.app/Contents/Eclipse/bundling/envs/org_knime_python_llm/lib/python3.11/site-packages/numpy/core/_multiarray_umath.cpython-311-darwin.so, 0x0002): Library not loaded: @rpath/libgfortran.5.dylib
  Referenced from: <D37BED4E-7F75-3467-A281-7E7E316989C9> /Applications/KNIME 5.4.3.app/Contents/Eclipse/bundling/envs/org_knime_python_llm/lib/libopenblas.0.dylib
  Reason: tried: '/Applications/KNIME 5.4.3.app/Contents/Eclipse/bundling/envs/org_knime_python_llm/lib/libgfortran.5.dylib' (duplicate LC_RPATH '@loader_path'), '/Applications/KNIME 5.4.3.app/Contents/Eclipse/bundling/envs/org_knime_python_llm/lib/libgfortran.5.dylib' (duplicate LC_RPATH '@loader_path'), '/Applications/KNIME 5.4.3.app/Contents/Eclipse/bundling/envs/org_knime_python_llm/lib/python3.11/site-packages/numpy/core/../../../../libgfortran.5.dylib' (duplicate LC_RPATH '@loader_path'), '/Applications/KNIME 5.4.3.app/Contents/Eclipse/bundling/envs/org_knime_python_llm/lib/python3.11/site-packages/numpy/core/../../../../libgfortran.5.dylib' (duplicate LC_RPATH '@loader_path'), '/Applications/KNIME 5.4.3.app/Contents/Eclipse/bundling/envs/org_knime_python_llm/bin/../lib/libgfortran.5.dylib' (duplicate LC_RPATH '@loader_path'), '/Applications/KNIME 5.4.3.app/Contents/Eclipse/bundling/envs/org_knime_python_llm/bin/../lib/libgfortran.5.dylib' (duplicate LC_RPATH '@loader_path'), '/usr/local/lib/libgfortran.5.dylib' (no such file), '/usr/lib/libgfortran.5.dylib' (no such file, not in dyld cache)


The above exception was the direct cause of the following exception:

Traceback (most recent call last):
  File "/Applications/KNIME 5.4.3.app/Contents/Eclipse/plugins/org.knime.python3.nodes_5.4.1.v202501291500/src/main/python/_node_backend_launcher.py", line 62, in <module>
    import knime._arrow._table as kat
  File "/Applications/KNIME 5.4.3.app/Contents/Eclipse/plugins/org.knime.python3.arrow_5.4.0.v202411121140/src/main/python/knime/_arrow/_table.py", line 52, in <module>
    import pyarrow as pa
  File "/Applications/KNIME 5.4.3.app/Contents/Eclipse/bundling/envs/org_knime_python_llm/lib/python3.11/site-packages/pyarrow/__init__.py", line 65, in <module>
    import pyarrow.lib as _lib
  File "pyarrow/lib.pyx", line 24, in init pyarrow.lib
  File "/Applications/KNIME 5.4.3.app/Contents/Eclipse/bundling/envs/org_knime_python_llm/lib/python3.11/site-packages/numpy/__init__.py", line 135, in <module>
    raise ImportError(msg) from e
ImportError: Error importing numpy: you should not try to import numpy from
        its source directory; please exit the numpy source tree, and relaunch
        your python interpreter from there.

2025-04-29 14:56:53,114 : ERROR : KNIME-Worker-0 :  : PurePythonNodeSetFactory :  :  : Failed to parse Python node extension at path '/Applications/KNIME 5.4.3.app/Contents/Eclipse/plugins/org.knime.python.llm_5.4.3.v202503051153/src/main/python'. Could not connect to the Python process.
java.net.ConnectException: Could not connect to the Python process.
	at org.knime.python3.DefaultPythonGateway.waitForConnection(DefaultPythonGateway.java:281)
	at org.knime.python3.DefaultPythonGateway.<init>(DefaultPythonGateway.java:204)
	at org.knime.python3.DefaultPythonGateway.create(DefaultPythonGateway.java:150)
	at org.knime.python3.FreshPythonGatewayFactory.create(FreshPythonGatewayFactory.java:78)
	at org.knime.python3.QueuedPythonGatewayFactory$PythonGatewayQueue.takeOrCreateGatewayAndEnqueue(QueuedPythonGatewayFactory.java:276)
	at org.knime.python3.QueuedPythonGatewayFactory$PythonGatewayQueue.getNextGateway(QueuedPythonGatewayFactory.java:253)
	at org.knime.python3.QueuedPythonGatewayFactory.create(QueuedPythonGatewayFactory.java:118)
	at org.knime.python3.nodes.PythonNodeGatewayFactory.create(PythonNodeGatewayFactory.java:138)
	at org.knime.python3.nodes.PythonExtensionParser.retrieveDynamicInformationFromPython(PythonExtensionParser.java:181)
	at org.knime.python3.nodes.PythonExtensionParser.parseExtension(PythonExtensionParser.java:130)
	at org.knime.python3.nodes.PurePythonNodeSetFactory.parseExtension(PurePythonNodeSetFactory.java:113)
	at org.knime.python3.nodes.PurePythonNodeSetFactory.lambda$3(PurePythonNodeSetFactory.java:107)
	at java.base/java.util.stream.ReferencePipeline$3$1.accept(Unknown Source)
	at java.base/java.util.ArrayList$ArrayListSpliterator.forEachRemaining(Unknown Source)
	at java.base/java.util.stream.AbstractPipeline.copyInto(Unknown Source)
	at java.base/java.util.stream.AbstractPipeline.wrapAndCopyInto(Unknown Source)
	at java.base/java.util.stream.StreamSpliterators$WrappingSpliterator.forEachRemaining(Unknown Source)
	at java.base/java.util.stream.Streams$ConcatSpliterator.forEachRemaining(Unknown Source)
	at java.base/java.util.stream.AbstractPipeline.copyInto(Unknown Source)
	at java.base/java.util.stream.AbstractPipeline.wrapAndCopyInto(Unknown Source)
	at java.base/java.util.stream.ReduceOps$ReduceOp.evaluateSequential(Unknown Source)
	at java.base/java.util.stream.AbstractPipeline.evaluate(Unknown Source)
	at java.base/java.util.stream.ReferencePipeline.collect(Unknown Source)
	at org.knime.python3.nodes.extension.ExtensionNodeSetFactory.<init>(ExtensionNodeSetFactory.java:119)
	at org.knime.python3.nodes.PurePythonNodeSetFactory.<init>(PurePythonNodeSetFactory.java:88)
	at java.base/jdk.internal.reflect.NativeConstructorAccessorImpl.newInstance0(Native Method)
	at java.base/jdk.internal.reflect.NativeConstructorAccessorImpl.newInstance(Unknown Source)
	at java.base/jdk.internal.reflect.DelegatingConstructorAccessorImpl.newInstance(Unknown Source)
	at java.base/java.lang.reflect.Constructor.newInstanceWithCaller(Unknown Source)
	at java.base/java.lang.reflect.Constructor.newInstance(Unknown Source)
	at org.eclipse.core.internal.registry.osgi.RegistryStrategyOSGI.createExecutableExtension(RegistryStrategyOSGI.java:233)
	at org.eclipse.core.internal.registry.ExtensionRegistry.createExecutableExtension(ExtensionRegistry.java:987)
	at org.eclipse.core.internal.registry.ConfigurationElement.createExecutableExtension(ConfigurationElement.java:255)
	at org.eclipse.core.internal.registry.ConfigurationElementHandle.createExecutableExtension(ConfigurationElementHandle.java:65)
	at org.knime.core.node.extension.CategoryExtensionUtil.collectFromCategorySetsExtPoint(CategoryExtensionUtil.java:125)
	at org.knime.core.node.extension.CategoryExtensionUtil.collectCategoryExtensions(CategoryExtensionUtil.java:91)
	at org.knime.core.node.extension.NodeSpecCollectionProvider.getInstance(NodeSpecCollectionProvider.java:84)
	at java.base/java.util.concurrent.FutureTask.run(Unknown Source)
	at org.knime.core.util.ThreadPool$MyFuture.run(ThreadPool.java:123)
	at org.knime.core.util.ThreadPool$Worker.run(ThreadPool.java:246)
2025-04-29 14:59:04,543 : WARN  : ForkJoinPool.commonPool-worker-2 :  : DefaultPythonGateway :  :  : Python standard output: 
2025-04-29 14:59:04,544 : WARN  : ForkJoinPool.commonPool-worker-2 :  : DefaultPythonGateway :  :  : Python standard error: Traceback (most recent call last):
  File "/Applications/KNIME 5.4.3.app/Contents/Eclipse/bundling/envs/org_knime_python_llm/lib/python3.11/site-packages/numpy/core/__init__.py", line 24, in <module>
    from . import multiarray
  File "/Applications/KNIME 5.4.3.app/Contents/Eclipse/bundling/envs/org_knime_python_llm/lib/python3.11/site-packages/numpy/core/multiarray.py", line 10, in <module>
    from . import overrides
  File "/Applications/KNIME 5.4.3.app/Contents/Eclipse/bundling/envs/org_knime_python_llm/lib/python3.11/site-packages/numpy/core/overrides.py", line 8, in <module>
    from numpy.core._multiarray_umath import (
ImportError: dlopen(/Applications/KNIME 5.4.3.app/Contents/Eclipse/bundling/envs/org_knime_python_llm/lib/python3.11/site-packages/numpy/core/_multiarray_umath.cpython-311-darwin.so, 0x0002): Library not loaded: @rpath/libgfortran.5.dylib
  Referenced from: <D37BED4E-7F75-3467-A281-7E7E316989C9> /Applications/KNIME 5.4.3.app/Contents/Eclipse/bundling/envs/org_knime_python_llm/lib/libopenblas.0.dylib
  Reason: tried: '/Applications/KNIME 5.4.3.app/Contents/Eclipse/bundling/envs/org_knime_python_llm/lib/libgfortran.5.dylib' (duplicate LC_RPATH '@loader_path'), '/Applications/KNIME 5.4.3.app/Contents/Eclipse/bundling/envs/org_knime_python_llm/lib/libgfortran.5.dylib' (duplicate LC_RPATH '@loader_path'), '/Applications/KNIME 5.4.3.app/Contents/Eclipse/bundling/envs/org_knime_python_llm/lib/python3.11/site-packages/numpy/core/../../../../libgfortran.5.dylib' (duplicate LC_RPATH '@loader_path'), '/Applications/KNIME 5.4.3.app/Contents/Eclipse/bundling/envs/org_knime_python_llm/lib/python3.11/site-packages/numpy/core/../../../../libgfortran.5.dylib' (duplicate LC_RPATH '@loader_path'), '/Applications/KNIME 5.4.3.app/Contents/Eclipse/bundling/envs/org_knime_python_llm/bin/../lib/libgfortran.5.dylib' (duplicate LC_RPATH '@loader_path'), '/Applications/KNIME 5.4.3.app/Contents/Eclipse/bundling/envs/org_knime_python_llm/bin/../lib/libgfortran.5.dylib' (duplicate LC_RPATH '@loader_path'), '/usr/local/lib/libgfortran.5.dylib' (no such file), '/usr/lib/libgfortran.5.dylib' (no such file, not in dyld cache)

During handling of the above exception, another exception occurred:

Traceback (most recent call last):
  File "/Applications/KNIME 5.4.3.app/Contents/Eclipse/bundling/envs/org_knime_python_llm/lib/python3.11/site-packages/numpy/__init__.py", line 130, in <module>
    from numpy.__config__ import show as show_config
  File "/Applications/KNIME 5.4.3.app/Contents/Eclipse/bundling/envs/org_knime_python_llm/lib/python3.11/site-packages/numpy/__config__.py", line 4, in <module>
    from numpy.core._multiarray_umath import (
  File "/Applications/KNIME 5.4.3.app/Contents/Eclipse/bundling/envs/org_knime_python_llm/lib/python3.11/site-packages/numpy/core/__init__.py", line 50, in <module>
    raise ImportError(msg)
ImportError: 

IMPORTANT: PLEASE READ THIS FOR ADVICE ON HOW TO SOLVE THIS ISSUE!

Importing the numpy C-extensions failed. This error can happen for
many reasons, often due to issues with your setup or how NumPy was
installed.

We have compiled some common reasons and troubleshooting tips at:

    https://numpy.org/devdocs/user/troubleshooting-importerror.html

Please note and check the following:

  * The Python version is: Python3.11 from "/Applications/KNIME 5.4.3.app/Contents/Eclipse/bundling/envs/org_knime_python_llm/bin/python"
  * The NumPy version is: "1.26.4"

and make sure that they are the versions you expect.
Please carefully study the documentation linked above for further help.

Original error was: dlopen(/Applications/KNIME 5.4.3.app/Contents/Eclipse/bundling/envs/org_knime_python_llm/lib/python3.11/site-packages/numpy/core/_multiarray_umath.cpython-311-darwin.so, 0x0002): Library not loaded: @rpath/libgfortran.5.dylib
  Referenced from: <D37BED4E-7F75-3467-A281-7E7E316989C9> /Applications/KNIME 5.4.3.app/Contents/Eclipse/bundling/envs/org_knime_python_llm/lib/libopenblas.0.dylib
  Reason: tried: '/Applications/KNIME 5.4.3.app/Contents/Eclipse/bundling/envs/org_knime_python_llm/lib/libgfortran.5.dylib' (duplicate LC_RPATH '@loader_path'), '/Applications/KNIME 5.4.3.app/Contents/Eclipse/bundling/envs/org_knime_python_llm/lib/libgfortran.5.dylib' (duplicate LC_RPATH '@loader_path'), '/Applications/KNIME 5.4.3.app/Contents/Eclipse/bundling/envs/org_knime_python_llm/lib/python3.11/site-packages/numpy/core/../../../../libgfortran.5.dylib' (duplicate LC_RPATH '@loader_path'), '/Applications/KNIME 5.4.3.app/Contents/Eclipse/bundling/envs/org_knime_python_llm/lib/python3.11/site-packages/numpy/core/../../../../libgfortran.5.dylib' (duplicate LC_RPATH '@loader_path'), '/Applications/KNIME 5.4.3.app/Contents/Eclipse/bundling/envs/org_knime_python_llm/bin/../lib/libgfortran.5.dylib' (duplicate LC_RPATH '@loader_path'), '/Applications/KNIME 5.4.3.app/Contents/Eclipse/bundling/envs/org_knime_python_llm/bin/../lib/libgfortran.5.dylib' (duplicate LC_RPATH '@loader_path'), '/usr/local/lib/libgfortran.5.dylib' (no such file), '/usr/lib/libgfortran.5.dylib' (no such file, not in dyld cache)


The above exception was the direct cause of the following exception:

Traceback (most recent call last):
  File "/Applications/KNIME 5.4.3.app/Contents/Eclipse/plugins/org.knime.python3.nodes_5.4.1.v202501291500/src/main/python/_node_backend_launcher.py", line 62, in <module>
    import knime._arrow._table as kat
  File "/Applications/KNIME 5.4.3.app/Contents/Eclipse/plugins/org.knime.python3.arrow_5.4.0.v202411121140/src/main/python/knime/_arrow/_table.py", line 52, in <module>
    import pyarrow as pa
  File "/Applications/KNIME 5.4.3.app/Contents/Eclipse/bundling/envs/org_knime_python_llm/lib/python3.11/site-packages/pyarrow/__init__.py", line 65, in <module>
    import pyarrow.lib as _lib
  File "pyarrow/lib.pyx", line 24, in init pyarrow.lib
  File "/Applications/KNIME 5.4.3.app/Contents/Eclipse/bundling/envs/org_knime_python_llm/lib/python3.11/site-packages/numpy/__init__.py", line 135, in <module>
    raise ImportError(msg) from e
ImportError: Error importing numpy: you should not try to import numpy from
        its source directory; please exit the numpy source tree, and relaunch
        your python interpreter from there.

2025-04-29 14:59:04,544 : ERROR : ForkJoinPool.commonPool-worker-2 :  : PurePythonNodeSetFactory :  :  : Failed to parse Python node extension at path '/Applications/KNIME 5.4.3.app/Contents/Eclipse/plugins/org.knime.python.llm_5.4.3.v202503051153/src/main/python'. Could not connect to the Python process.
java.net.ConnectException: Could not connect to the Python process.
	at org.knime.python3.DefaultPythonGateway.waitForConnection(DefaultPythonGateway.java:281)
	at org.knime.python3.DefaultPythonGateway.<init>(DefaultPythonGateway.java:204)
	at org.knime.python3.DefaultPythonGateway.create(DefaultPythonGateway.java:150)
	at org.knime.python3.FreshPythonGatewayFactory.create(FreshPythonGatewayFactory.java:78)
	at org.knime.python3.QueuedPythonGatewayFactory$PythonGatewayQueue.takeOrCreateGatewayAndEnqueue(QueuedPythonGatewayFactory.java:276)
	at org.knime.python3.QueuedPythonGatewayFactory$PythonGatewayQueue.getNextGateway(QueuedPythonGatewayFactory.java:253)
	at org.knime.python3.QueuedPythonGatewayFactory.create(QueuedPythonGatewayFactory.java:118)
	at org.knime.python3.nodes.PythonNodeGatewayFactory.create(PythonNodeGatewayFactory.java:138)
	at org.knime.python3.nodes.PythonExtensionParser.retrieveDynamicInformationFromPython(PythonExtensionParser.java:181)
	at org.knime.python3.nodes.PythonExtensionParser.parseExtension(PythonExtensionParser.java:130)
	at org.knime.python3.nodes.PurePythonNodeSetFactory.parseExtension(PurePythonNodeSetFactory.java:113)
	at org.knime.python3.nodes.PurePythonNodeSetFactory.lambda$3(PurePythonNodeSetFactory.java:107)
	at java.base/java.util.stream.ReferencePipeline$3$1.accept(Unknown Source)
	at java.base/java.util.ArrayList$ArrayListSpliterator.forEachRemaining(Unknown Source)
	at java.base/java.util.stream.AbstractPipeline.copyInto(Unknown Source)
	at java.base/java.util.stream.AbstractPipeline.wrapAndCopyInto(Unknown Source)
	at java.base/java.util.stream.StreamSpliterators$WrappingSpliterator.forEachRemaining(Unknown Source)
	at java.base/java.util.stream.Streams$ConcatSpliterator.forEachRemaining(Unknown Source)
	at java.base/java.util.stream.AbstractPipeline.copyInto(Unknown Source)
	at java.base/java.util.stream.AbstractPipeline.wrapAndCopyInto(Unknown Source)
	at java.base/java.util.stream.ReduceOps$ReduceOp.evaluateSequential(Unknown Source)
	at java.base/java.util.stream.AbstractPipeline.evaluate(Unknown Source)
	at java.base/java.util.stream.ReferencePipeline.collect(Unknown Source)
	at org.knime.python3.nodes.extension.ExtensionNodeSetFactory.<init>(ExtensionNodeSetFactory.java:119)
	at org.knime.python3.nodes.PurePythonNodeSetFactory.<init>(PurePythonNodeSetFactory.java:88)
	at java.base/jdk.internal.reflect.NativeConstructorAccessorImpl.newInstance0(Native Method)
	at java.base/jdk.internal.reflect.NativeConstructorAccessorImpl.newInstance(Unknown Source)
	at java.base/jdk.internal.reflect.DelegatingConstructorAccessorImpl.newInstance(Unknown Source)
	at java.base/java.lang.reflect.Constructor.newInstanceWithCaller(Unknown Source)
	at java.base/java.lang.reflect.Constructor.newInstance(Unknown Source)
	at org.eclipse.core.internal.registry.osgi.RegistryStrategyOSGI.createExecutableExtension(RegistryStrategyOSGI.java:233)
	at org.eclipse.core.internal.registry.ExtensionRegistry.createExecutableExtension(ExtensionRegistry.java:987)
	at org.eclipse.core.internal.registry.ConfigurationElement.createExecutableExtension(ConfigurationElement.java:255)
	at org.eclipse.core.internal.registry.ConfigurationElementHandle.createExecutableExtension(ConfigurationElementHandle.java:65)
	at org.knime.core.node.extension.NodeSetFactoryExtension.from(NodeSetFactoryExtension.java:274)
	at java.base/java.util.stream.ReferencePipeline$3$1.accept(Unknown Source)
	at java.base/java.util.Spliterators$ArraySpliterator.forEachRemaining(Unknown Source)
	at java.base/java.util.stream.AbstractPipeline.copyInto(Unknown Source)
	at java.base/java.util.stream.AbstractPipeline.wrapAndCopyInto(Unknown Source)
	at java.base/java.util.stream.Nodes$CollectorTask.doLeaf(Unknown Source)
	at java.base/java.util.stream.Nodes$CollectorTask.doLeaf(Unknown Source)
	at java.base/java.util.stream.AbstractTask.compute(Unknown Source)
	at java.base/java.util.concurrent.CountedCompleter.exec(Unknown Source)
	at java.base/java.util.concurrent.ForkJoinTask.doExec(Unknown Source)
	at java.base/java.util.concurrent.ForkJoinPool$WorkQueue.topLevelExec(Unknown Source)
	at java.base/java.util.concurrent.ForkJoinPool.scan(Unknown Source)
	at java.base/java.util.concurrent.ForkJoinPool.runWorker(Unknown Source)
	at java.base/java.util.concurrent.ForkJoinWorkerThread.run(Unknown Source)
2025-04-29 14:59:04,680 : WARN  : python-gateway-creator-0 :  : DefaultPythonGateway :  :  : Python standard output: 
2025-04-29 14:59:04,681 : WARN  : python-gateway-creator-0 :  : DefaultPythonGateway :  :  : Python standard error: Traceback (most recent call last):
  File "/Applications/KNIME 5.4.3.app/Contents/Eclipse/bundling/envs/org_knime_python_llm/lib/python3.11/site-packages/numpy/core/__init__.py", line 24, in <module>
    from . import multiarray
  File "/Applications/KNIME 5.4.3.app/Contents/Eclipse/bundling/envs/org_knime_python_llm/lib/python3.11/site-packages/numpy/core/multiarray.py", line 10, in <module>
    from . import overrides
  File "/Applications/KNIME 5.4.3.app/Contents/Eclipse/bundling/envs/org_knime_python_llm/lib/python3.11/site-packages/numpy/core/overrides.py", line 8, in <module>
    from numpy.core._multiarray_umath import (
ImportError: dlopen(/Applications/KNIME 5.4.3.app/Contents/Eclipse/bundling/envs/org_knime_python_llm/lib/python3.11/site-packages/numpy/core/_multiarray_umath.cpython-311-darwin.so, 0x0002): Library not loaded: @rpath/libgfortran.5.dylib
  Referenced from: <D37BED4E-7F75-3467-A281-7E7E316989C9> /Applications/KNIME 5.4.3.app/Contents/Eclipse/bundling/envs/org_knime_python_llm/lib/libopenblas.0.dylib
  Reason: tried: '/Applications/KNIME 5.4.3.app/Contents/Eclipse/bundling/envs/org_knime_python_llm/lib/libgfortran.5.dylib' (duplicate LC_RPATH '@loader_path'), '/Applications/KNIME 5.4.3.app/Contents/Eclipse/bundling/envs/org_knime_python_llm/lib/libgfortran.5.dylib' (duplicate LC_RPATH '@loader_path'), '/Applications/KNIME 5.4.3.app/Contents/Eclipse/bundling/envs/org_knime_python_llm/lib/python3.11/site-packages/numpy/core/../../../../libgfortran.5.dylib' (duplicate LC_RPATH '@loader_path'), '/Applications/KNIME 5.4.3.app/Contents/Eclipse/bundling/envs/org_knime_python_llm/lib/python3.11/site-packages/numpy/core/../../../../libgfortran.5.dylib' (duplicate LC_RPATH '@loader_path'), '/Applications/KNIME 5.4.3.app/Contents/Eclipse/bundling/envs/org_knime_python_llm/bin/../lib/libgfortran.5.dylib' (duplicate LC_RPATH '@loader_path'), '/Applications/KNIME 5.4.3.app/Contents/Eclipse/bundling/envs/org_knime_python_llm/bin/../lib/libgfortran.5.dylib' (duplicate LC_RPATH '@loader_path'), '/usr/local/lib/libgfortran.5.dylib' (no such file), '/usr/lib/libgfortran.5.dylib' (no such file, not in dyld cache)

During handling of the above exception, another exception occurred:

Traceback (most recent call last):
  File "/Applications/KNIME 5.4.3.app/Contents/Eclipse/bundling/envs/org_knime_python_llm/lib/python3.11/site-packages/numpy/__init__.py", line 130, in <module>
    from numpy.__config__ import show as show_config
  File "/Applications/KNIME 5.4.3.app/Contents/Eclipse/bundling/envs/org_knime_python_llm/lib/python3.11/site-packages/numpy/__config__.py", line 4, in <module>
    from numpy.core._multiarray_umath import (
  File "/Applications/KNIME 5.4.3.app/Contents/Eclipse/bundling/envs/org_knime_python_llm/lib/python3.11/site-packages/numpy/core/__init__.py", line 50, in <module>
    raise ImportError(msg)
ImportError: 

IMPORTANT: PLEASE READ THIS FOR ADVICE ON HOW TO SOLVE THIS ISSUE!

Importing the numpy C-extensions failed. This error can happen for
many reasons, often due to issues with your setup or how NumPy was
installed.

We have compiled some common reasons and troubleshooting tips at:

    https://numpy.org/devdocs/user/troubleshooting-importerror.html

Please note and check the following:

  * The Python version is: Python3.11 from "/Applications/KNIME 5.4.3.app/Contents/Eclipse/bundling/envs/org_knime_python_llm/bin/python"
  * The NumPy version is: "1.26.4"

and make sure that they are the versions you expect.
Please carefully study the documentation linked above for further help.

Original error was: dlopen(/Applications/KNIME 5.4.3.app/Contents/Eclipse/bundling/envs/org_knime_python_llm/lib/python3.11/site-packages/numpy/core/_multiarray_umath.cpython-311-darwin.so, 0x0002): Library not loaded: @rpath/libgfortran.5.dylib
  Referenced from: <D37BED4E-7F75-3467-A281-7E7E316989C9> /Applications/KNIME 5.4.3.app/Contents/Eclipse/bundling/envs/org_knime_python_llm/lib/libopenblas.0.dylib
  Reason: tried: '/Applications/KNIME 5.4.3.app/Contents/Eclipse/bundling/envs/org_knime_python_llm/lib/libgfortran.5.dylib' (duplicate LC_RPATH '@loader_path'), '/Applications/KNIME 5.4.3.app/Contents/Eclipse/bundling/envs/org_knime_python_llm/lib/libgfortran.5.dylib' (duplicate LC_RPATH '@loader_path'), '/Applications/KNIME 5.4.3.app/Contents/Eclipse/bundling/envs/org_knime_python_llm/lib/python3.11/site-packages/numpy/core/../../../../libgfortran.5.dylib' (duplicate LC_RPATH '@loader_path'), '/Applications/KNIME 5.4.3.app/Contents/Eclipse/bundling/envs/org_knime_python_llm/lib/python3.11/site-packages/numpy/core/../../../../libgfortran.5.dylib' (duplicate LC_RPATH '@loader_path'), '/Applications/KNIME 5.4.3.app/Contents/Eclipse/bundling/envs/org_knime_python_llm/bin/../lib/libgfortran.5.dylib' (duplicate LC_RPATH '@loader_path'), '/Applications/KNIME 5.4.3.app/Contents/Eclipse/bundling/envs/org_knime_python_llm/bin/../lib/libgfortran.5.dylib' (duplicate LC_RPATH '@loader_path'), '/usr/local/lib/libgfortran.5.dylib' (no such file), '/usr/lib/libgfortran.5.dylib' (no such file, not in dyld cache)


The above exception was the direct cause of the following exception:

Traceback (most recent call last):
  File "/Applications/KNIME 5.4.3.app/Contents/Eclipse/plugins/org.knime.python3.nodes_5.4.1.v202501291500/src/main/python/_node_backend_launcher.py", line 62, in <module>
    import knime._arrow._table as kat
  File "/Applications/KNIME 5.4.3.app/Contents/Eclipse/plugins/org.knime.python3.arrow_5.4.0.v202411121140/src/main/python/knime/_arrow/_table.py", line 52, in <module>
    import pyarrow as pa
  File "/Applications/KNIME 5.4.3.app/Contents/Eclipse/bundling/envs/org_knime_python_llm/lib/python3.11/site-packages/pyarrow/__init__.py", line 65, in <module>
    import pyarrow.lib as _lib
  File "pyarrow/lib.pyx", line 24, in init pyarrow.lib
  File "/Applications/KNIME 5.4.3.app/Contents/Eclipse/bundling/envs/org_knime_python_llm/lib/python3.11/site-packages/numpy/__init__.py", line 135, in <module>
    raise ImportError(msg) from e
ImportError: Error importing numpy: you should not try to import numpy from
        its source directory; please exit the numpy source tree, and relaunch
        your python interpreter from there.

2025-04-29 14:59:04,817 : WARN  : KNIME-Worker-0 :  : DefaultPythonGateway :  :  : Python standard output: 
2025-04-29 14:59:04,817 : WARN  : KNIME-Worker-0 :  : DefaultPythonGateway :  :  : Python standard error: Traceback (most recent call last):
  File "/Applications/KNIME 5.4.3.app/Contents/Eclipse/bundling/envs/org_knime_python_llm/lib/python3.11/site-packages/numpy/core/__init__.py", line 24, in <module>
    from . import multiarray
  File "/Applications/KNIME 5.4.3.app/Contents/Eclipse/bundling/envs/org_knime_python_llm/lib/python3.11/site-packages/numpy/core/multiarray.py", line 10, in <module>
    from . import overrides
  File "/Applications/KNIME 5.4.3.app/Contents/Eclipse/bundling/envs/org_knime_python_llm/lib/python3.11/site-packages/numpy/core/overrides.py", line 8, in <module>
    from numpy.core._multiarray_umath import (
ImportError: dlopen(/Applications/KNIME 5.4.3.app/Contents/Eclipse/bundling/envs/org_knime_python_llm/lib/python3.11/site-packages/numpy/core/_multiarray_umath.cpython-311-darwin.so, 0x0002): Library not loaded: @rpath/libgfortran.5.dylib
  Referenced from: <D37BED4E-7F75-3467-A281-7E7E316989C9> /Applications/KNIME 5.4.3.app/Contents/Eclipse/bundling/envs/org_knime_python_llm/lib/libopenblas.0.dylib
  Reason: tried: '/Applications/KNIME 5.4.3.app/Contents/Eclipse/bundling/envs/org_knime_python_llm/lib/libgfortran.5.dylib' (duplicate LC_RPATH '@loader_path'), '/Applications/KNIME 5.4.3.app/Contents/Eclipse/bundling/envs/org_knime_python_llm/lib/libgfortran.5.dylib' (duplicate LC_RPATH '@loader_path'), '/Applications/KNIME 5.4.3.app/Contents/Eclipse/bundling/envs/org_knime_python_llm/lib/python3.11/site-packages/numpy/core/../../../../libgfortran.5.dylib' (duplicate LC_RPATH '@loader_path'), '/Applications/KNIME 5.4.3.app/Contents/Eclipse/bundling/envs/org_knime_python_llm/lib/python3.11/site-packages/numpy/core/../../../../libgfortran.5.dylib' (duplicate LC_RPATH '@loader_path'), '/Applications/KNIME 5.4.3.app/Contents/Eclipse/bundling/envs/org_knime_python_llm/bin/../lib/libgfortran.5.dylib' (duplicate LC_RPATH '@loader_path'), '/Applications/KNIME 5.4.3.app/Contents/Eclipse/bundling/envs/org_knime_python_llm/bin/../lib/libgfortran.5.dylib' (duplicate LC_RPATH '@loader_path'), '/usr/local/lib/libgfortran.5.dylib' (no such file), '/usr/lib/libgfortran.5.dylib' (no such file, not in dyld cache)

During handling of the above exception, another exception occurred:

Traceback (most recent call last):
  File "/Applications/KNIME 5.4.3.app/Contents/Eclipse/bundling/envs/org_knime_python_llm/lib/python3.11/site-packages/numpy/__init__.py", line 130, in <module>
    from numpy.__config__ import show as show_config
  File "/Applications/KNIME 5.4.3.app/Contents/Eclipse/bundling/envs/org_knime_python_llm/lib/python3.11/site-packages/numpy/__config__.py", line 4, in <module>
    from numpy.core._multiarray_umath import (
  File "/Applications/KNIME 5.4.3.app/Contents/Eclipse/bundling/envs/org_knime_python_llm/lib/python3.11/site-packages/numpy/core/__init__.py", line 50, in <module>
    raise ImportError(msg)
ImportError: 

IMPORTANT: PLEASE READ THIS FOR ADVICE ON HOW TO SOLVE THIS ISSUE!

Importing the numpy C-extensions failed. This error can happen for
many reasons, often due to issues with your setup or how NumPy was
installed.

We have compiled some common reasons and troubleshooting tips at:

    https://numpy.org/devdocs/user/troubleshooting-importerror.html

Please note and check the following:

  * The Python version is: Python3.11 from "/Applications/KNIME 5.4.3.app/Contents/Eclipse/bundling/envs/org_knime_python_llm/bin/python"
  * The NumPy version is: "1.26.4"

and make sure that they are the versions you expect.
Please carefully study the documentation linked above for further help.

Original error was: dlopen(/Applications/KNIME 5.4.3.app/Contents/Eclipse/bundling/envs/org_knime_python_llm/lib/python3.11/site-packages/numpy/core/_multiarray_umath.cpython-311-darwin.so, 0x0002): Library not loaded: @rpath/libgfortran.5.dylib
  Referenced from: <D37BED4E-7F75-3467-A281-7E7E316989C9> /Applications/KNIME 5.4.3.app/Contents/Eclipse/bundling/envs/org_knime_python_llm/lib/libopenblas.0.dylib
  Reason: tried: '/Applications/KNIME 5.4.3.app/Contents/Eclipse/bundling/envs/org_knime_python_llm/lib/libgfortran.5.dylib' (duplicate LC_RPATH '@loader_path'), '/Applications/KNIME 5.4.3.app/Contents/Eclipse/bundling/envs/org_knime_python_llm/lib/libgfortran.5.dylib' (duplicate LC_RPATH '@loader_path'), '/Applications/KNIME 5.4.3.app/Contents/Eclipse/bundling/envs/org_knime_python_llm/lib/python3.11/site-packages/numpy/core/../../../../libgfortran.5.dylib' (duplicate LC_RPATH '@loader_path'), '/Applications/KNIME 5.4.3.app/Contents/Eclipse/bundling/envs/org_knime_python_llm/lib/python3.11/site-packages/numpy/core/../../../../libgfortran.5.dylib' (duplicate LC_RPATH '@loader_path'), '/Applications/KNIME 5.4.3.app/Contents/Eclipse/bundling/envs/org_knime_python_llm/bin/../lib/libgfortran.5.dylib' (duplicate LC_RPATH '@loader_path'), '/Applications/KNIME 5.4.3.app/Contents/Eclipse/bundling/envs/org_knime_python_llm/bin/../lib/libgfortran.5.dylib' (duplicate LC_RPATH '@loader_path'), '/usr/local/lib/libgfortran.5.dylib' (no such file), '/usr/lib/libgfortran.5.dylib' (no such file, not in dyld cache)


The above exception was the direct cause of the following exception:

Traceback (most recent call last):
  File "/Applications/KNIME 5.4.3.app/Contents/Eclipse/plugins/org.knime.python3.nodes_5.4.1.v202501291500/src/main/python/_node_backend_launcher.py", line 62, in <module>
    import knime._arrow._table as kat
  File "/Applications/KNIME 5.4.3.app/Contents/Eclipse/plugins/org.knime.python3.arrow_5.4.0.v202411121140/src/main/python/knime/_arrow/_table.py", line 52, in <module>
    import pyarrow as pa
  File "/Applications/KNIME 5.4.3.app/Contents/Eclipse/bundling/envs/org_knime_python_llm/lib/python3.11/site-packages/pyarrow/__init__.py", line 65, in <module>
    import pyarrow.lib as _lib
  File "pyarrow/lib.pyx", line 24, in init pyarrow.lib
  File "/Applications/KNIME 5.4.3.app/Contents/Eclipse/bundling/envs/org_knime_python_llm/lib/python3.11/site-packages/numpy/__init__.py", line 135, in <module>
    raise ImportError(msg) from e
ImportError: Error importing numpy: you should not try to import numpy from
        its source directory; please exit the numpy source tree, and relaunch
        your python interpreter from there.

2025-04-29 14:59:04,818 : ERROR : KNIME-Worker-0 :  : PurePythonNodeSetFactory :  :  : Failed to parse Python node extension at path '/Applications/KNIME 5.4.3.app/Contents/Eclipse/plugins/org.knime.python.llm_5.4.3.v202503051153/src/main/python'. Could not connect to the Python process.
java.net.ConnectException: Could not connect to the Python process.
	at org.knime.python3.DefaultPythonGateway.waitForConnection(DefaultPythonGateway.java:281)
	at org.knime.python3.DefaultPythonGateway.<init>(DefaultPythonGateway.java:204)
	at org.knime.python3.DefaultPythonGateway.create(DefaultPythonGateway.java:150)
	at org.knime.python3.FreshPythonGatewayFactory.create(FreshPythonGatewayFactory.java:78)
	at org.knime.python3.QueuedPythonGatewayFactory$PythonGatewayQueue.takeOrCreateGatewayAndEnqueue(QueuedPythonGatewayFactory.java:276)
	at org.knime.python3.QueuedPythonGatewayFactory$PythonGatewayQueue.getNextGateway(QueuedPythonGatewayFactory.java:253)
	at org.knime.python3.QueuedPythonGatewayFactory.create(QueuedPythonGatewayFactory.java:118)
	at org.knime.python3.nodes.PythonNodeGatewayFactory.create(PythonNodeGatewayFactory.java:138)
	at org.knime.python3.nodes.PythonExtensionParser.retrieveDynamicInformationFromPython(PythonExtensionParser.java:181)
	at org.knime.python3.nodes.PythonExtensionParser.parseExtension(PythonExtensionParser.java:130)
	at org.knime.python3.nodes.PurePythonNodeSetFactory.parseExtension(PurePythonNodeSetFactory.java:113)
	at org.knime.python3.nodes.PurePythonNodeSetFactory.lambda$3(PurePythonNodeSetFactory.java:107)
	at java.base/java.util.stream.ReferencePipeline$3$1.accept(Unknown Source)
	at java.base/java.util.ArrayList$ArrayListSpliterator.forEachRemaining(Unknown Source)
	at java.base/java.util.stream.AbstractPipeline.copyInto(Unknown Source)
	at java.base/java.util.stream.AbstractPipeline.wrapAndCopyInto(Unknown Source)
	at java.base/java.util.stream.StreamSpliterators$WrappingSpliterator.forEachRemaining(Unknown Source)
	at java.base/java.util.stream.Streams$ConcatSpliterator.forEachRemaining(Unknown Source)
	at java.base/java.util.stream.AbstractPipeline.copyInto(Unknown Source)
	at java.base/java.util.stream.AbstractPipeline.wrapAndCopyInto(Unknown Source)
	at java.base/java.util.stream.ReduceOps$ReduceOp.evaluateSequential(Unknown Source)
	at java.base/java.util.stream.AbstractPipeline.evaluate(Unknown Source)
	at java.base/java.util.stream.ReferencePipeline.collect(Unknown Source)
	at org.knime.python3.nodes.extension.ExtensionNodeSetFactory.<init>(ExtensionNodeSetFactory.java:119)
	at org.knime.python3.nodes.PurePythonNodeSetFactory.<init>(PurePythonNodeSetFactory.java:88)
	at java.base/jdk.internal.reflect.NativeConstructorAccessorImpl.newInstance0(Native Method)
	at java.base/jdk.internal.reflect.NativeConstructorAccessorImpl.newInstance(Unknown Source)
	at java.base/jdk.internal.reflect.DelegatingConstructorAccessorImpl.newInstance(Unknown Source)
	at java.base/java.lang.reflect.Constructor.newInstanceWithCaller(Unknown Source)
	at java.base/java.lang.reflect.Constructor.newInstance(Unknown Source)
	at org.eclipse.core.internal.registry.osgi.RegistryStrategyOSGI.createExecutableExtension(RegistryStrategyOSGI.java:233)
	at org.eclipse.core.internal.registry.ExtensionRegistry.createExecutableExtension(ExtensionRegistry.java:987)
	at org.eclipse.core.internal.registry.ConfigurationElement.createExecutableExtension(ConfigurationElement.java:255)
	at org.eclipse.core.internal.registry.ConfigurationElementHandle.createExecutableExtension(ConfigurationElementHandle.java:65)
	at org.knime.core.node.extension.CategoryExtensionUtil.collectFromCategorySetsExtPoint(CategoryExtensionUtil.java:125)
	at org.knime.core.node.extension.CategoryExtensionUtil.collectCategoryExtensions(CategoryExtensionUtil.java:91)
	at org.knime.core.node.extension.NodeSpecCollectionProvider.getInstance(NodeSpecCollectionProvider.java:84)
	at java.base/java.util.concurrent.FutureTask.run(Unknown Source)
	at org.knime.core.util.ThreadPool$MyFuture.run(ThreadPool.java:123)
	at org.knime.core.util.ThreadPool$Worker.run(ThreadPool.java:246)
2025-04-29 14:59:04,958 : WARN  : python-gateway-creator-1 :  : DefaultPythonGateway :  :  : Python standard output: 
2025-04-29 14:59:04,958 : WARN  : python-gateway-creator-1 :  : DefaultPythonGateway :  :  : Python standard error: Traceback (most recent call last):
  File "/Applications/KNIME 5.4.3.app/Contents/Eclipse/bundling/envs/org_knime_python_llm/lib/python3.11/site-packages/numpy/core/__init__.py", line 24, in <module>
    from . import multiarray
  File "/Applications/KNIME 5.4.3.app/Contents/Eclipse/bundling/envs/org_knime_python_llm/lib/python3.11/site-packages/numpy/core/multiarray.py", line 10, in <module>
    from . import overrides
  File "/Applications/KNIME 5.4.3.app/Contents/Eclipse/bundling/envs/org_knime_python_llm/lib/python3.11/site-packages/numpy/core/overrides.py", line 8, in <module>
    from numpy.core._multiarray_umath import (
ImportError: dlopen(/Applications/KNIME 5.4.3.app/Contents/Eclipse/bundling/envs/org_knime_python_llm/lib/python3.11/site-packages/numpy/core/_multiarray_umath.cpython-311-darwin.so, 0x0002): Library not loaded: @rpath/libgfortran.5.dylib
  Referenced from: <D37BED4E-7F75-3467-A281-7E7E316989C9> /Applications/KNIME 5.4.3.app/Contents/Eclipse/bundling/envs/org_knime_python_llm/lib/libopenblas.0.dylib
  Reason: tried: '/Applications/KNIME 5.4.3.app/Contents/Eclipse/bundling/envs/org_knime_python_llm/lib/libgfortran.5.dylib' (duplicate LC_RPATH '@loader_path'), '/Applications/KNIME 5.4.3.app/Contents/Eclipse/bundling/envs/org_knime_python_llm/lib/libgfortran.5.dylib' (duplicate LC_RPATH '@loader_path'), '/Applications/KNIME 5.4.3.app/Contents/Eclipse/bundling/envs/org_knime_python_llm/lib/python3.11/site-packages/numpy/core/../../../../libgfortran.5.dylib' (duplicate LC_RPATH '@loader_path'), '/Applications/KNIME 5.4.3.app/Contents/Eclipse/bundling/envs/org_knime_python_llm/lib/python3.11/site-packages/numpy/core/../../../../libgfortran.5.dylib' (duplicate LC_RPATH '@loader_path'), '/Applications/KNIME 5.4.3.app/Contents/Eclipse/bundling/envs/org_knime_python_llm/bin/../lib/libgfortran.5.dylib' (duplicate LC_RPATH '@loader_path'), '/Applications/KNIME 5.4.3.app/Contents/Eclipse/bundling/envs/org_knime_python_llm/bin/../lib/libgfortran.5.dylib' (duplicate LC_RPATH '@loader_path'), '/usr/local/lib/libgfortran.5.dylib' (no such file), '/usr/lib/libgfortran.5.dylib' (no such file, not in dyld cache)

During handling of the above exception, another exception occurred:

Traceback (most recent call last):
  File "/Applications/KNIME 5.4.3.app/Contents/Eclipse/bundling/envs/org_knime_python_llm/lib/python3.11/site-packages/numpy/__init__.py", line 130, in <module>
    from numpy.__config__ import show as show_config
  File "/Applications/KNIME 5.4.3.app/Contents/Eclipse/bundling/envs/org_knime_python_llm/lib/python3.11/site-packages/numpy/__config__.py", line 4, in <module>
    from numpy.core._multiarray_umath import (
  File "/Applications/KNIME 5.4.3.app/Contents/Eclipse/bundling/envs/org_knime_python_llm/lib/python3.11/site-packages/numpy/core/__init__.py", line 50, in <module>
    raise ImportError(msg)
ImportError: 

IMPORTANT: PLEASE READ THIS FOR ADVICE ON HOW TO SOLVE THIS ISSUE!

Importing the numpy C-extensions failed. This error can happen for
many reasons, often due to issues with your setup or how NumPy was
installed.

We have compiled some common reasons and troubleshooting tips at:

    https://numpy.org/devdocs/user/troubleshooting-importerror.html

Please note and check the following:

  * The Python version is: Python3.11 from "/Applications/KNIME 5.4.3.app/Contents/Eclipse/bundling/envs/org_knime_python_llm/bin/python"
  * The NumPy version is: "1.26.4"

and make sure that they are the versions you expect.
Please carefully study the documentation linked above for further help.

Original error was: dlopen(/Applications/KNIME 5.4.3.app/Contents/Eclipse/bundling/envs/org_knime_python_llm/lib/python3.11/site-packages/numpy/core/_multiarray_umath.cpython-311-darwin.so, 0x0002): Library not loaded: @rpath/libgfortran.5.dylib
  Referenced from: <D37BED4E-7F75-3467-A281-7E7E316989C9> /Applications/KNIME 5.4.3.app/Contents/Eclipse/bundling/envs/org_knime_python_llm/lib/libopenblas.0.dylib
  Reason: tried: '/Applications/KNIME 5.4.3.app/Contents/Eclipse/bundling/envs/org_knime_python_llm/lib/libgfortran.5.dylib' (duplicate LC_RPATH '@loader_path'), '/Applications/KNIME 5.4.3.app/Contents/Eclipse/bundling/envs/org_knime_python_llm/lib/libgfortran.5.dylib' (duplicate LC_RPATH '@loader_path'), '/Applications/KNIME 5.4.3.app/Contents/Eclipse/bundling/envs/org_knime_python_llm/lib/python3.11/site-packages/numpy/core/../../../../libgfortran.5.dylib' (duplicate LC_RPATH '@loader_path'), '/Applications/KNIME 5.4.3.app/Contents/Eclipse/bundling/envs/org_knime_python_llm/lib/python3.11/site-packages/numpy/core/../../../../libgfortran.5.dylib' (duplicate LC_RPATH '@loader_path'), '/Applications/KNIME 5.4.3.app/Contents/Eclipse/bundling/envs/org_knime_python_llm/bin/../lib/libgfortran.5.dylib' (duplicate LC_RPATH '@loader_path'), '/Applications/KNIME 5.4.3.app/Contents/Eclipse/bundling/envs/org_knime_python_llm/bin/../lib/libgfortran.5.dylib' (duplicate LC_RPATH '@loader_path'), '/usr/local/lib/libgfortran.5.dylib' (no such file), '/usr/lib/libgfortran.5.dylib' (no such file, not in dyld cache)


The above exception was the direct cause of the following exception:

Traceback (most recent call last):
  File "/Applications/KNIME 5.4.3.app/Contents/Eclipse/plugins/org.knime.python3.nodes_5.4.1.v202501291500/src/main/python/_node_backend_launcher.py", line 62, in <module>
    import knime._arrow._table as kat
  File "/Applications/KNIME 5.4.3.app/Contents/Eclipse/plugins/org.knime.python3.arrow_5.4.0.v202411121140/src/main/python/knime/_arrow/_table.py", line 52, in <module>
    import pyarrow as pa
  File "/Applications/KNIME 5.4.3.app/Contents/Eclipse/bundling/envs/org_knime_python_llm/lib/python3.11/site-packages/pyarrow/__init__.py", line 65, in <module>
    import pyarrow.lib as _lib
  File "pyarrow/lib.pyx", line 24, in init pyarrow.lib
  File "/Applications/KNIME 5.4.3.app/Contents/Eclipse/bundling/envs/org_knime_python_llm/lib/python3.11/site-packages/numpy/__init__.py", line 135, in <module>
    raise ImportError(msg) from e
ImportError: Error importing numpy: you should not try to import numpy from
        its source directory; please exit the numpy source tree, and relaunch
        your python interpreter from there.

2025-04-29 15:00:28,531 : WARN  : python-gateway-creator-0 :  : DefaultPythonGateway :  :  : Python standard output: 
2025-04-29 15:00:28,532 : WARN  : python-gateway-creator-0 :  : DefaultPythonGateway :  :  : Python standard error: Traceback (most recent call last):
  File "/Applications/KNIME 5.4.3.app/Contents/Eclipse/bundling/envs/org_knime_python_llm/lib/python3.11/site-packages/numpy/core/__init__.py", line 24, in <module>
    from . import multiarray
  File "/Applications/KNIME 5.4.3.app/Contents/Eclipse/bundling/envs/org_knime_python_llm/lib/python3.11/site-packages/numpy/core/multiarray.py", line 10, in <module>
    from . import overrides
  File "/Applications/KNIME 5.4.3.app/Contents/Eclipse/bundling/envs/org_knime_python_llm/lib/python3.11/site-packages/numpy/core/overrides.py", line 8, in <module>
    from numpy.core._multiarray_umath import (
ImportError: dlopen(/Applications/KNIME 5.4.3.app/Contents/Eclipse/bundling/envs/org_knime_python_llm/lib/python3.11/site-packages/numpy/core/_multiarray_umath.cpython-311-darwin.so, 0x0002): Library not loaded: @rpath/libgfortran.5.dylib
  Referenced from: <D37BED4E-7F75-3467-A281-7E7E316989C9> /Applications/KNIME 5.4.3.app/Contents/Eclipse/bundling/envs/org_knime_python_llm/lib/libopenblas.0.dylib
  Reason: tried: '/Applications/KNIME 5.4.3.app/Contents/Eclipse/bundling/envs/org_knime_python_llm/lib/libgfortran.5.dylib' (duplicate LC_RPATH '@loader_path'), '/Applications/KNIME 5.4.3.app/Contents/Eclipse/bundling/envs/org_knime_python_llm/lib/libgfortran.5.dylib' (duplicate LC_RPATH '@loader_path'), '/Applications/KNIME 5.4.3.app/Contents/Eclipse/bundling/envs/org_knime_python_llm/lib/python3.11/site-packages/numpy/core/../../../../libgfortran.5.dylib' (duplicate LC_RPATH '@loader_path'), '/Applications/KNIME 5.4.3.app/Contents/Eclipse/bundling/envs/org_knime_python_llm/lib/python3.11/site-packages/numpy/core/../../../../libgfortran.5.dylib' (duplicate LC_RPATH '@loader_path'), '/Applications/KNIME 5.4.3.app/Contents/Eclipse/bundling/envs/org_knime_python_llm/bin/../lib/libgfortran.5.dylib' (duplicate LC_RPATH '@loader_path'), '/Applications/KNIME 5.4.3.app/Contents/Eclipse/bundling/envs/org_knime_python_llm/bin/../lib/libgfortran.5.dylib' (duplicate LC_RPATH '@loader_path'), '/usr/local/lib/libgfortran.5.dylib' (no such file), '/usr/lib/libgfortran.5.dylib' (no such file, not in dyld cache)

During handling of the above exception, another exception occurred:

Traceback (most recent call last):
  File "/Applications/KNIME 5.4.3.app/Contents/Eclipse/bundling/envs/org_knime_python_llm/lib/python3.11/site-packages/numpy/__init__.py", line 130, in <module>
    from numpy.__config__ import show as show_config
  File "/Applications/KNIME 5.4.3.app/Contents/Eclipse/bundling/envs/org_knime_python_llm/lib/python3.11/site-packages/numpy/__config__.py", line 4, in <module>
    from numpy.core._multiarray_umath import (
  File "/Applications/KNIME 5.4.3.app/Contents/Eclipse/bundling/envs/org_knime_python_llm/lib/python3.11/site-packages/numpy/core/__init__.py", line 50, in <module>
    raise ImportError(msg)
ImportError: 

IMPORTANT: PLEASE READ THIS FOR ADVICE ON HOW TO SOLVE THIS ISSUE!

Importing the numpy C-extensions failed. This error can happen for
many reasons, often due to issues with your setup or how NumPy was
installed.

We have compiled some common reasons and troubleshooting tips at:

    https://numpy.org/devdocs/user/troubleshooting-importerror.html

Please note and check the following:

  * The Python version is: Python3.11 from "/Applications/KNIME 5.4.3.app/Contents/Eclipse/bundling/envs/org_knime_python_llm/bin/python"
  * The NumPy version is: "1.26.4"

and make sure that they are the versions you expect.
Please carefully study the documentation linked above for further help.

Original error was: dlopen(/Applications/KNIME 5.4.3.app/Contents/Eclipse/bundling/envs/org_knime_python_llm/lib/python3.11/site-packages/numpy/core/_multiarray_umath.cpython-311-darwin.so, 0x0002): Library not loaded: @rpath/libgfortran.5.dylib
  Referenced from: <D37BED4E-7F75-3467-A281-7E7E316989C9> /Applications/KNIME 5.4.3.app/Contents/Eclipse/bundling/envs/org_knime_python_llm/lib/libopenblas.0.dylib
  Reason: tried: '/Applications/KNIME 5.4.3.app/Contents/Eclipse/bundling/envs/org_knime_python_llm/lib/libgfortran.5.dylib' (duplicate LC_RPATH '@loader_path'), '/Applications/KNIME 5.4.3.app/Contents/Eclipse/bundling/envs/org_knime_python_llm/lib/libgfortran.5.dylib' (duplicate LC_RPATH '@loader_path'), '/Applications/KNIME 5.4.3.app/Contents/Eclipse/bundling/envs/org_knime_python_llm/lib/python3.11/site-packages/numpy/core/../../../../libgfortran.5.dylib' (duplicate LC_RPATH '@loader_path'), '/Applications/KNIME 5.4.3.app/Contents/Eclipse/bundling/envs/org_knime_python_llm/lib/python3.11/site-packages/numpy/core/../../../../libgfortran.5.dylib' (duplicate LC_RPATH '@loader_path'), '/Applications/KNIME 5.4.3.app/Contents/Eclipse/bundling/envs/org_knime_python_llm/bin/../lib/libgfortran.5.dylib' (duplicate LC_RPATH '@loader_path'), '/Applications/KNIME 5.4.3.app/Contents/Eclipse/bundling/envs/org_knime_python_llm/bin/../lib/libgfortran.5.dylib' (duplicate LC_RPATH '@loader_path'), '/usr/local/lib/libgfortran.5.dylib' (no such file), '/usr/lib/libgfortran.5.dylib' (no such file, not in dyld cache)


The above exception was the direct cause of the following exception:

Traceback (most recent call last):
  File "/Applications/KNIME 5.4.3.app/Contents/Eclipse/plugins/org.knime.python3.nodes_5.4.1.v202501291500/src/main/python/_node_backend_launcher.py", line 62, in <module>
    import knime._arrow._table as kat
  File "/Applications/KNIME 5.4.3.app/Contents/Eclipse/plugins/org.knime.python3.arrow_5.4.0.v202411121140/src/main/python/knime/_arrow/_table.py", line 52, in <module>
    import pyarrow as pa
  File "/Applications/KNIME 5.4.3.app/Contents/Eclipse/bundling/envs/org_knime_python_llm/lib/python3.11/site-packages/pyarrow/__init__.py", line 65, in <module>
    import pyarrow.lib as _lib
  File "pyarrow/lib.pyx", line 24, in init pyarrow.lib
  File "/Applications/KNIME 5.4.3.app/Contents/Eclipse/bundling/envs/org_knime_python_llm/lib/python3.11/site-packages/numpy/__init__.py", line 135, in <module>
    raise ImportError(msg) from e
ImportError: Error importing numpy: you should not try to import numpy from
        its source directory; please exit the numpy source tree, and relaunch
        your python interpreter from there.

2025-04-29 15:00:28,651 : WARN  : ForkJoinPool.commonPool-worker-2 :  : DefaultPythonGateway :  :  : Python standard output: 
2025-04-29 15:00:28,651 : WARN  : ForkJoinPool.commonPool-worker-2 :  : DefaultPythonGateway :  :  : Python standard error: Traceback (most recent call last):
  File "/Applications/KNIME 5.4.3.app/Contents/Eclipse/bundling/envs/org_knime_python_llm/lib/python3.11/site-packages/numpy/core/__init__.py", line 24, in <module>
    from . import multiarray
  File "/Applications/KNIME 5.4.3.app/Contents/Eclipse/bundling/envs/org_knime_python_llm/lib/python3.11/site-packages/numpy/core/multiarray.py", line 10, in <module>
    from . import overrides
  File "/Applications/KNIME 5.4.3.app/Contents/Eclipse/bundling/envs/org_knime_python_llm/lib/python3.11/site-packages/numpy/core/overrides.py", line 8, in <module>
    from numpy.core._multiarray_umath import (
ImportError: dlopen(/Applications/KNIME 5.4.3.app/Contents/Eclipse/bundling/envs/org_knime_python_llm/lib/python3.11/site-packages/numpy/core/_multiarray_umath.cpython-311-darwin.so, 0x0002): Library not loaded: @rpath/libgfortran.5.dylib
  Referenced from: <D37BED4E-7F75-3467-A281-7E7E316989C9> /Applications/KNIME 5.4.3.app/Contents/Eclipse/bundling/envs/org_knime_python_llm/lib/libopenblas.0.dylib
  Reason: tried: '/Applications/KNIME 5.4.3.app/Contents/Eclipse/bundling/envs/org_knime_python_llm/lib/libgfortran.5.dylib' (duplicate LC_RPATH '@loader_path'), '/Applications/KNIME 5.4.3.app/Contents/Eclipse/bundling/envs/org_knime_python_llm/lib/libgfortran.5.dylib' (duplicate LC_RPATH '@loader_path'), '/Applications/KNIME 5.4.3.app/Contents/Eclipse/bundling/envs/org_knime_python_llm/lib/python3.11/site-packages/numpy/core/../../../../libgfortran.5.dylib' (duplicate LC_RPATH '@loader_path'), '/Applications/KNIME 5.4.3.app/Contents/Eclipse/bundling/envs/org_knime_python_llm/lib/python3.11/site-packages/numpy/core/../../../../libgfortran.5.dylib' (duplicate LC_RPATH '@loader_path'), '/Applications/KNIME 5.4.3.app/Contents/Eclipse/bundling/envs/org_knime_python_llm/bin/../lib/libgfortran.5.dylib' (duplicate LC_RPATH '@loader_path'), '/Applications/KNIME 5.4.3.app/Contents/Eclipse/bundling/envs/org_knime_python_llm/bin/../lib/libgfortran.5.dylib' (duplicate LC_RPATH '@loader_path'), '/usr/local/lib/libgfortran.5.dylib' (no such file), '/usr/lib/libgfortran.5.dylib' (no such file, not in dyld cache)

During handling of the above exception, another exception occurred:

Traceback (most recent call last):
  File "/Applications/KNIME 5.4.3.app/Contents/Eclipse/bundling/envs/org_knime_python_llm/lib/python3.11/site-packages/numpy/__init__.py", line 130, in <module>
    from numpy.__config__ import show as show_config
  File "/Applications/KNIME 5.4.3.app/Contents/Eclipse/bundling/envs/org_knime_python_llm/lib/python3.11/site-packages/numpy/__config__.py", line 4, in <module>
    from numpy.core._multiarray_umath import (
  File "/Applications/KNIME 5.4.3.app/Contents/Eclipse/bundling/envs/org_knime_python_llm/lib/python3.11/site-packages/numpy/core/__init__.py", line 50, in <module>
    raise ImportError(msg)
ImportError: 

IMPORTANT: PLEASE READ THIS FOR ADVICE ON HOW TO SOLVE THIS ISSUE!

Importing the numpy C-extensions failed. This error can happen for
many reasons, often due to issues with your setup or how NumPy was
installed.

We have compiled some common reasons and troubleshooting tips at:

    https://numpy.org/devdocs/user/troubleshooting-importerror.html

Please note and check the following:

  * The Python version is: Python3.11 from "/Applications/KNIME 5.4.3.app/Contents/Eclipse/bundling/envs/org_knime_python_llm/bin/python"
  * The NumPy version is: "1.26.4"

and make sure that they are the versions you expect.
Please carefully study the documentation linked above for further help.

Original error was: dlopen(/Applications/KNIME 5.4.3.app/Contents/Eclipse/bundling/envs/org_knime_python_llm/lib/python3.11/site-packages/numpy/core/_multiarray_umath.cpython-311-darwin.so, 0x0002): Library not loaded: @rpath/libgfortran.5.dylib
  Referenced from: <D37BED4E-7F75-3467-A281-7E7E316989C9> /Applications/KNIME 5.4.3.app/Contents/Eclipse/bundling/envs/org_knime_python_llm/lib/libopenblas.0.dylib
  Reason: tried: '/Applications/KNIME 5.4.3.app/Contents/Eclipse/bundling/envs/org_knime_python_llm/lib/libgfortran.5.dylib' (duplicate LC_RPATH '@loader_path'), '/Applications/KNIME 5.4.3.app/Contents/Eclipse/bundling/envs/org_knime_python_llm/lib/libgfortran.5.dylib' (duplicate LC_RPATH '@loader_path'), '/Applications/KNIME 5.4.3.app/Contents/Eclipse/bundling/envs/org_knime_python_llm/lib/python3.11/site-packages/numpy/core/../../../../libgfortran.5.dylib' (duplicate LC_RPATH '@loader_path'), '/Applications/KNIME 5.4.3.app/Contents/Eclipse/bundling/envs/org_knime_python_llm/lib/python3.11/site-packages/numpy/core/../../../../libgfortran.5.dylib' (duplicate LC_RPATH '@loader_path'), '/Applications/KNIME 5.4.3.app/Contents/Eclipse/bundling/envs/org_knime_python_llm/bin/../lib/libgfortran.5.dylib' (duplicate LC_RPATH '@loader_path'), '/Applications/KNIME 5.4.3.app/Contents/Eclipse/bundling/envs/org_knime_python_llm/bin/../lib/libgfortran.5.dylib' (duplicate LC_RPATH '@loader_path'), '/usr/local/lib/libgfortran.5.dylib' (no such file), '/usr/lib/libgfortran.5.dylib' (no such file, not in dyld cache)


The above exception was the direct cause of the following exception:

Traceback (most recent call last):
  File "/Applications/KNIME 5.4.3.app/Contents/Eclipse/plugins/org.knime.python3.nodes_5.4.1.v202501291500/src/main/python/_node_backend_launcher.py", line 62, in <module>
    import knime._arrow._table as kat
  File "/Applications/KNIME 5.4.3.app/Contents/Eclipse/plugins/org.knime.python3.arrow_5.4.0.v202411121140/src/main/python/knime/_arrow/_table.py", line 52, in <module>
    import pyarrow as pa
  File "/Applications/KNIME 5.4.3.app/Contents/Eclipse/bundling/envs/org_knime_python_llm/lib/python3.11/site-packages/pyarrow/__init__.py", line 65, in <module>
    import pyarrow.lib as _lib
  File "pyarrow/lib.pyx", line 24, in init pyarrow.lib
  File "/Applications/KNIME 5.4.3.app/Contents/Eclipse/bundling/envs/org_knime_python_llm/lib/python3.11/site-packages/numpy/__init__.py", line 135, in <module>
    raise ImportError(msg) from e
ImportError: Error importing numpy: you should not try to import numpy from
        its source directory; please exit the numpy source tree, and relaunch
        your python interpreter from there.

2025-04-29 15:00:28,651 : ERROR : ForkJoinPool.commonPool-worker-2 :  : PurePythonNodeSetFactory :  :  : Failed to parse Python node extension at path '/Applications/KNIME 5.4.3.app/Contents/Eclipse/plugins/org.knime.python.llm_5.4.3.v202503051153/src/main/python'. Could not connect to the Python process.
java.net.ConnectException: Could not connect to the Python process.
	at org.knime.python3.DefaultPythonGateway.waitForConnection(DefaultPythonGateway.java:281)
	at org.knime.python3.DefaultPythonGateway.<init>(DefaultPythonGateway.java:204)
	at org.knime.python3.DefaultPythonGateway.create(DefaultPythonGateway.java:150)
	at org.knime.python3.FreshPythonGatewayFactory.create(FreshPythonGatewayFactory.java:78)
	at org.knime.python3.QueuedPythonGatewayFactory$PythonGatewayQueue.takeOrCreateGatewayAndEnqueue(QueuedPythonGatewayFactory.java:276)
	at org.knime.python3.QueuedPythonGatewayFactory$PythonGatewayQueue.getNextGateway(QueuedPythonGatewayFactory.java:253)
	at org.knime.python3.QueuedPythonGatewayFactory.create(QueuedPythonGatewayFactory.java:118)
	at org.knime.python3.nodes.PythonNodeGatewayFactory.create(PythonNodeGatewayFactory.java:138)
	at org.knime.python3.nodes.PythonExtensionParser.retrieveDynamicInformationFromPython(PythonExtensionParser.java:181)
	at org.knime.python3.nodes.PythonExtensionParser.parseExtension(PythonExtensionParser.java:130)
	at org.knime.python3.nodes.PurePythonNodeSetFactory.parseExtension(PurePythonNodeSetFactory.java:113)
	at org.knime.python3.nodes.PurePythonNodeSetFactory.lambda$3(PurePythonNodeSetFactory.java:107)
	at java.base/java.util.stream.ReferencePipeline$3$1.accept(Unknown Source)
	at java.base/java.util.ArrayList$ArrayListSpliterator.forEachRemaining(Unknown Source)
	at java.base/java.util.stream.AbstractPipeline.copyInto(Unknown Source)
	at java.base/java.util.stream.AbstractPipeline.wrapAndCopyInto(Unknown Source)
	at java.base/java.util.stream.StreamSpliterators$WrappingSpliterator.forEachRemaining(Unknown Source)
	at java.base/java.util.stream.Streams$ConcatSpliterator.forEachRemaining(Unknown Source)
	at java.base/java.util.stream.AbstractPipeline.copyInto(Unknown Source)
	at java.base/java.util.stream.AbstractPipeline.wrapAndCopyInto(Unknown Source)
	at java.base/java.util.stream.ReduceOps$ReduceOp.evaluateSequential(Unknown Source)
	at java.base/java.util.stream.AbstractPipeline.evaluate(Unknown Source)
	at java.base/java.util.stream.ReferencePipeline.collect(Unknown Source)
	at org.knime.python3.nodes.extension.ExtensionNodeSetFactory.<init>(ExtensionNodeSetFactory.java:119)
	at org.knime.python3.nodes.PurePythonNodeSetFactory.<init>(PurePythonNodeSetFactory.java:88)
	at java.base/jdk.internal.reflect.NativeConstructorAccessorImpl.newInstance0(Native Method)
	at java.base/jdk.internal.reflect.NativeConstructorAccessorImpl.newInstance(Unknown Source)
	at java.base/jdk.internal.reflect.DelegatingConstructorAccessorImpl.newInstance(Unknown Source)
	at java.base/java.lang.reflect.Constructor.newInstanceWithCaller(Unknown Source)
	at java.base/java.lang.reflect.Constructor.newInstance(Unknown Source)
	at org.eclipse.core.internal.registry.osgi.RegistryStrategyOSGI.createExecutableExtension(RegistryStrategyOSGI.java:233)
	at org.eclipse.core.internal.registry.ExtensionRegistry.createExecutableExtension(ExtensionRegistry.java:987)
	at org.eclipse.core.internal.registry.ConfigurationElement.createExecutableExtension(ConfigurationElement.java:255)
	at org.eclipse.core.internal.registry.ConfigurationElementHandle.createExecutableExtension(ConfigurationElementHandle.java:65)
	at org.knime.core.node.extension.NodeSetFactoryExtension.from(NodeSetFactoryExtension.java:274)
	at java.base/java.util.stream.ReferencePipeline$3$1.accept(Unknown Source)
	at java.base/java.util.Spliterators$ArraySpliterator.forEachRemaining(Unknown Source)
	at java.base/java.util.stream.AbstractPipeline.copyInto(Unknown Source)
	at java.base/java.util.stream.AbstractPipeline.wrapAndCopyInto(Unknown Source)
	at java.base/java.util.stream.Nodes$CollectorTask.doLeaf(Unknown Source)
	at java.base/java.util.stream.Nodes$CollectorTask.doLeaf(Unknown Source)
	at java.base/java.util.stream.AbstractTask.compute(Unknown Source)
	at java.base/java.util.concurrent.CountedCompleter.exec(Unknown Source)
	at java.base/java.util.concurrent.ForkJoinTask.doExec(Unknown Source)
	at java.base/java.util.concurrent.ForkJoinPool$WorkQueue.topLevelExec(Unknown Source)
	at java.base/java.util.concurrent.ForkJoinPool.scan(Unknown Source)
	at java.base/java.util.concurrent.ForkJoinPool.runWorker(Unknown Source)
	at java.base/java.util.concurrent.ForkJoinWorkerThread.run(Unknown Source)
2025-04-29 15:00:28,661 : ERROR : KNIME-Worker-0 :  : PurePythonNodeSetFactory :  :  : Failed to parse Python node extension at path '/Applications/KNIME 5.4.3.app/Contents/Eclipse/plugins/org.knime.python.llm_5.4.3.v202503051153/src/main/python'. Could not connect to the Python process.
java.net.ConnectException: Could not connect to the Python process.
	at org.knime.python3.DefaultPythonGateway.waitForConnection(DefaultPythonGateway.java:281)
	at org.knime.python3.DefaultPythonGateway.<init>(DefaultPythonGateway.java:204)
	at org.knime.python3.DefaultPythonGateway.create(DefaultPythonGateway.java:150)
	at org.knime.python3.FreshPythonGatewayFactory.create(FreshPythonGatewayFactory.java:78)
	at org.knime.python3.QueuedPythonGatewayFactory$PythonGatewayQueue.enqueueGateway(QueuedPythonGatewayFactory.java:301)
	at org.knime.python3.QueuedPythonGatewayFactory$PythonGatewayQueue.lambda$1(QueuedPythonGatewayFactory.java:267)
	at java.base/java.util.concurrent.ThreadPoolExecutor.runWorker(Unknown Source)
	at java.base/java.util.concurrent.ThreadPoolExecutor$Worker.run(Unknown Source)
	at java.base/java.lang.Thread.run(Unknown Source)
2025-04-29 15:00:28,783 : WARN  : python-gateway-creator-0 :  : DefaultPythonGateway :  :  : Python standard output: 
2025-04-29 15:00:28,783 : WARN  : python-gateway-creator-0 :  : DefaultPythonGateway :  :  : Python standard error: Traceback (most recent call last):
  File "/Applications/KNIME 5.4.3.app/Contents/Eclipse/bundling/envs/org_knime_python_llm/lib/python3.11/site-packages/numpy/core/__init__.py", line 24, in <module>
    from . import multiarray
  File "/Applications/KNIME 5.4.3.app/Contents/Eclipse/bundling/envs/org_knime_python_llm/lib/python3.11/site-packages/numpy/core/multiarray.py", line 10, in <module>
    from . import overrides
  File "/Applications/KNIME 5.4.3.app/Contents/Eclipse/bundling/envs/org_knime_python_llm/lib/python3.11/site-packages/numpy/core/overrides.py", line 8, in <module>
    from numpy.core._multiarray_umath import (
ImportError: dlopen(/Applications/KNIME 5.4.3.app/Contents/Eclipse/bundling/envs/org_knime_python_llm/lib/python3.11/site-packages/numpy/core/_multiarray_umath.cpython-311-darwin.so, 0x0002): Library not loaded: @rpath/libgfortran.5.dylib
  Referenced from: <D37BED4E-7F75-3467-A281-7E7E316989C9> /Applications/KNIME 5.4.3.app/Contents/Eclipse/bundling/envs/org_knime_python_llm/lib/libopenblas.0.dylib
  Reason: tried: '/Applications/KNIME 5.4.3.app/Contents/Eclipse/bundling/envs/org_knime_python_llm/lib/libgfortran.5.dylib' (duplicate LC_RPATH '@loader_path'), '/Applications/KNIME 5.4.3.app/Contents/Eclipse/bundling/envs/org_knime_python_llm/lib/libgfortran.5.dylib' (duplicate LC_RPATH '@loader_path'), '/Applications/KNIME 5.4.3.app/Contents/Eclipse/bundling/envs/org_knime_python_llm/lib/python3.11/site-packages/numpy/core/../../../../libgfortran.5.dylib' (duplicate LC_RPATH '@loader_path'), '/Applications/KNIME 5.4.3.app/Contents/Eclipse/bundling/envs/org_knime_python_llm/lib/python3.11/site-packages/numpy/core/../../../../libgfortran.5.dylib' (duplicate LC_RPATH '@loader_path'), '/Applications/KNIME 5.4.3.app/Contents/Eclipse/bundling/envs/org_knime_python_llm/bin/../lib/libgfortran.5.dylib' (duplicate LC_RPATH '@loader_path'), '/Applications/KNIME 5.4.3.app/Contents/Eclipse/bundling/envs/org_knime_python_llm/bin/../lib/libgfortran.5.dylib' (duplicate LC_RPATH '@loader_path'), '/usr/local/lib/libgfortran.5.dylib' (no such file), '/usr/lib/libgfortran.5.dylib' (no such file, not in dyld cache)

During handling of the above exception, another exception occurred:

Traceback (most recent call last):
  File "/Applications/KNIME 5.4.3.app/Contents/Eclipse/bundling/envs/org_knime_python_llm/lib/python3.11/site-packages/numpy/__init__.py", line 130, in <module>
    from numpy.__config__ import show as show_config
  File "/Applications/KNIME 5.4.3.app/Contents/Eclipse/bundling/envs/org_knime_python_llm/lib/python3.11/site-packages/numpy/__config__.py", line 4, in <module>
    from numpy.core._multiarray_umath import (
  File "/Applications/KNIME 5.4.3.app/Contents/Eclipse/bundling/envs/org_knime_python_llm/lib/python3.11/site-packages/numpy/core/__init__.py", line 50, in <module>
    raise ImportError(msg)
ImportError: 

IMPORTANT: PLEASE READ THIS FOR ADVICE ON HOW TO SOLVE THIS ISSUE!

Importing the numpy C-extensions failed. This error can happen for
many reasons, often due to issues with your setup or how NumPy was
installed.

We have compiled some common reasons and troubleshooting tips at:

    https://numpy.org/devdocs/user/troubleshooting-importerror.html

Please note and check the following:

  * The Python version is: Python3.11 from "/Applications/KNIME 5.4.3.app/Contents/Eclipse/bundling/envs/org_knime_python_llm/bin/python"
  * The NumPy version is: "1.26.4"

and make sure that they are the versions you expect.
Please carefully study the documentation linked above for further help.

Original error was: dlopen(/Applications/KNIME 5.4.3.app/Contents/Eclipse/bundling/envs/org_knime_python_llm/lib/python3.11/site-packages/numpy/core/_multiarray_umath.cpython-311-darwin.so, 0x0002): Library not loaded: @rpath/libgfortran.5.dylib
  Referenced from: <D37BED4E-7F75-3467-A281-7E7E316989C9> /Applications/KNIME 5.4.3.app/Contents/Eclipse/bundling/envs/org_knime_python_llm/lib/libopenblas.0.dylib
  Reason: tried: '/Applications/KNIME 5.4.3.app/Contents/Eclipse/bundling/envs/org_knime_python_llm/lib/libgfortran.5.dylib' (duplicate LC_RPATH '@loader_path'), '/Applications/KNIME 5.4.3.app/Contents/Eclipse/bundling/envs/org_knime_python_llm/lib/libgfortran.5.dylib' (duplicate LC_RPATH '@loader_path'), '/Applications/KNIME 5.4.3.app/Contents/Eclipse/bundling/envs/org_knime_python_llm/lib/python3.11/site-packages/numpy/core/../../../../libgfortran.5.dylib' (duplicate LC_RPATH '@loader_path'), '/Applications/KNIME 5.4.3.app/Contents/Eclipse/bundling/envs/org_knime_python_llm/lib/python3.11/site-packages/numpy/core/../../../../libgfortran.5.dylib' (duplicate LC_RPATH '@loader_path'), '/Applications/KNIME 5.4.3.app/Contents/Eclipse/bundling/envs/org_knime_python_llm/bin/../lib/libgfortran.5.dylib' (duplicate LC_RPATH '@loader_path'), '/Applications/KNIME 5.4.3.app/Contents/Eclipse/bundling/envs/org_knime_python_llm/bin/../lib/libgfortran.5.dylib' (duplicate LC_RPATH '@loader_path'), '/usr/local/lib/libgfortran.5.dylib' (no such file), '/usr/lib/libgfortran.5.dylib' (no such file, not in dyld cache)


The above exception was the direct cause of the following exception:

Traceback (most recent call last):
  File "/Applications/KNIME 5.4.3.app/Contents/Eclipse/plugins/org.knime.python3.nodes_5.4.1.v202501291500/src/main/python/_node_backend_launcher.py", line 62, in <module>
    import knime._arrow._table as kat
  File "/Applications/KNIME 5.4.3.app/Contents/Eclipse/plugins/org.knime.python3.arrow_5.4.0.v202411121140/src/main/python/knime/_arrow/_table.py", line 52, in <module>
    import pyarrow as pa
  File "/Applications/KNIME 5.4.3.app/Contents/Eclipse/bundling/envs/org_knime_python_llm/lib/python3.11/site-packages/pyarrow/__init__.py", line 65, in <module>
    import pyarrow.lib as _lib
  File "pyarrow/lib.pyx", line 24, in init pyarrow.lib
  File "/Applications/KNIME 5.4.3.app/Contents/Eclipse/bundling/envs/org_knime_python_llm/lib/python3.11/site-packages/numpy/__init__.py", line 135, in <module>
    raise ImportError(msg) from e
ImportError: Error importing numpy: you should not try to import numpy from
        its source directory; please exit the numpy source tree, and relaunch
        your python interpreter from there.

2025-04-29 15:03:14,011 : WARN  : ForkJoinPool.commonPool-worker-3 :  : DefaultPythonGateway :  :  : Python standard output: 
2025-04-29 15:03:14,012 : WARN  : ForkJoinPool.commonPool-worker-3 :  : DefaultPythonGateway :  :  : Python standard error: Traceback (most recent call last):
  File "/Applications/KNIME 5.4.3.app/Contents/Eclipse/bundling/envs/org_knime_python_llm/lib/python3.11/site-packages/numpy/core/__init__.py", line 24, in <module>
    from . import multiarray
  File "/Applications/KNIME 5.4.3.app/Contents/Eclipse/bundling/envs/org_knime_python_llm/lib/python3.11/site-packages/numpy/core/multiarray.py", line 10, in <module>
    from . import overrides
  File "/Applications/KNIME 5.4.3.app/Contents/Eclipse/bundling/envs/org_knime_python_llm/lib/python3.11/site-packages/numpy/core/overrides.py", line 8, in <module>
    from numpy.core._multiarray_umath import (
ImportError: dlopen(/Applications/KNIME 5.4.3.app/Contents/Eclipse/bundling/envs/org_knime_python_llm/lib/python3.11/site-packages/numpy/core/_multiarray_umath.cpython-311-darwin.so, 0x0002): Library not loaded: @rpath/libgfortran.5.dylib
  Referenced from: <D37BED4E-7F75-3467-A281-7E7E316989C9> /Applications/KNIME 5.4.3.app/Contents/Eclipse/bundling/envs/org_knime_python_llm/lib/libopenblas.0.dylib
  Reason: tried: '/Applications/KNIME 5.4.3.app/Contents/Eclipse/bundling/envs/org_knime_python_llm/lib/libgfortran.5.dylib' (duplicate LC_RPATH '@loader_path'), '/Applications/KNIME 5.4.3.app/Contents/Eclipse/bundling/envs/org_knime_python_llm/lib/libgfortran.5.dylib' (duplicate LC_RPATH '@loader_path'), '/Applications/KNIME 5.4.3.app/Contents/Eclipse/bundling/envs/org_knime_python_llm/lib/python3.11/site-packages/numpy/core/../../../../libgfortran.5.dylib' (duplicate LC_RPATH '@loader_path'), '/Applications/KNIME 5.4.3.app/Contents/Eclipse/bundling/envs/org_knime_python_llm/lib/python3.11/site-packages/numpy/core/../../../../libgfortran.5.dylib' (duplicate LC_RPATH '@loader_path'), '/Applications/KNIME 5.4.3.app/Contents/Eclipse/bundling/envs/org_knime_python_llm/bin/../lib/libgfortran.5.dylib' (duplicate LC_RPATH '@loader_path'), '/Applications/KNIME 5.4.3.app/Contents/Eclipse/bundling/envs/org_knime_python_llm/bin/../lib/libgfortran.5.dylib' (duplicate LC_RPATH '@loader_path'), '/usr/local/lib/libgfortran.5.dylib' (no such file), '/usr/lib/libgfortran.5.dylib' (no such file, not in dyld cache)

During handling of the above exception, another exception occurred:

Traceback (most recent call last):
  File "/Applications/KNIME 5.4.3.app/Contents/Eclipse/bundling/envs/org_knime_python_llm/lib/python3.11/site-packages/numpy/__init__.py", line 130, in <module>
    from numpy.__config__ import show as show_config
  File "/Applications/KNIME 5.4.3.app/Contents/Eclipse/bundling/envs/org_knime_python_llm/lib/python3.11/site-packages/numpy/__config__.py", line 4, in <module>
    from numpy.core._multiarray_umath import (
  File "/Applications/KNIME 5.4.3.app/Contents/Eclipse/bundling/envs/org_knime_python_llm/lib/python3.11/site-packages/numpy/core/__init__.py", line 50, in <module>
    raise ImportError(msg)
ImportError: 

IMPORTANT: PLEASE READ THIS FOR ADVICE ON HOW TO SOLVE THIS ISSUE!

Importing the numpy C-extensions failed. This error can happen for
many reasons, often due to issues with your setup or how NumPy was
installed.

We have compiled some common reasons and troubleshooting tips at:

    https://numpy.org/devdocs/user/troubleshooting-importerror.html

Please note and check the following:

  * The Python version is: Python3.11 from "/Applications/KNIME 5.4.3.app/Contents/Eclipse/bundling/envs/org_knime_python_llm/bin/python"
  * The NumPy version is: "1.26.4"

and make sure that they are the versions you expect.
Please carefully study the documentation linked above for further help.

Original error was: dlopen(/Applications/KNIME 5.4.3.app/Contents/Eclipse/bundling/envs/org_knime_python_llm/lib/python3.11/site-packages/numpy/core/_multiarray_umath.cpython-311-darwin.so, 0x0002): Library not loaded: @rpath/libgfortran.5.dylib
  Referenced from: <D37BED4E-7F75-3467-A281-7E7E316989C9> /Applications/KNIME 5.4.3.app/Contents/Eclipse/bundling/envs/org_knime_python_llm/lib/libopenblas.0.dylib
  Reason: tried: '/Applications/KNIME 5.4.3.app/Contents/Eclipse/bundling/envs/org_knime_python_llm/lib/libgfortran.5.dylib' (duplicate LC_RPATH '@loader_path'), '/Applications/KNIME 5.4.3.app/Contents/Eclipse/bundling/envs/org_knime_python_llm/lib/libgfortran.5.dylib' (duplicate LC_RPATH '@loader_path'), '/Applications/KNIME 5.4.3.app/Contents/Eclipse/bundling/envs/org_knime_python_llm/lib/python3.11/site-packages/numpy/core/../../../../libgfortran.5.dylib' (duplicate LC_RPATH '@loader_path'), '/Applications/KNIME 5.4.3.app/Contents/Eclipse/bundling/envs/org_knime_python_llm/lib/python3.11/site-packages/numpy/core/../../../../libgfortran.5.dylib' (duplicate LC_RPATH '@loader_path'), '/Applications/KNIME 5.4.3.app/Contents/Eclipse/bundling/envs/org_knime_python_llm/bin/../lib/libgfortran.5.dylib' (duplicate LC_RPATH '@loader_path'), '/Applications/KNIME 5.4.3.app/Contents/Eclipse/bundling/envs/org_knime_python_llm/bin/../lib/libgfortran.5.dylib' (duplicate LC_RPATH '@loader_path'), '/usr/local/lib/libgfortran.5.dylib' (no such file), '/usr/lib/libgfortran.5.dylib' (no such file, not in dyld cache)


The above exception was the direct cause of the following exception:

Traceback (most recent call last):
  File "/Applications/KNIME 5.4.3.app/Contents/Eclipse/plugins/org.knime.python3.nodes_5.4.1.v202501291500/src/main/python/_node_backend_launcher.py", line 62, in <module>
    import knime._arrow._table as kat
  File "/Applications/KNIME 5.4.3.app/Contents/Eclipse/plugins/org.knime.python3.arrow_5.4.0.v202411121140/src/main/python/knime/_arrow/_table.py", line 52, in <module>
    import pyarrow as pa
  File "/Applications/KNIME 5.4.3.app/Contents/Eclipse/bundling/envs/org_knime_python_llm/lib/python3.11/site-packages/pyarrow/__init__.py", line 65, in <module>
    import pyarrow.lib as _lib
  File "pyarrow/lib.pyx", line 24, in init pyarrow.lib
  File "/Applications/KNIME 5.4.3.app/Contents/Eclipse/bundling/envs/org_knime_python_llm/lib/python3.11/site-packages/numpy/__init__.py", line 135, in <module>
    raise ImportError(msg) from e
ImportError: Error importing numpy: you should not try to import numpy from
        its source directory; please exit the numpy source tree, and relaunch
        your python interpreter from there.

2025-04-29 15:03:14,012 : ERROR : ForkJoinPool.commonPool-worker-3 :  : PurePythonNodeSetFactory :  :  : Failed to parse Python node extension at path '/Applications/KNIME 5.4.3.app/Contents/Eclipse/plugins/org.knime.python.llm_5.4.3.v202503051153/src/main/python'. Could not connect to the Python process.
java.net.ConnectException: Could not connect to the Python process.
	at org.knime.python3.DefaultPythonGateway.waitForConnection(DefaultPythonGateway.java:281)
	at org.knime.python3.DefaultPythonGateway.<init>(DefaultPythonGateway.java:204)
	at org.knime.python3.DefaultPythonGateway.create(DefaultPythonGateway.java:150)
	at org.knime.python3.FreshPythonGatewayFactory.create(FreshPythonGatewayFactory.java:78)
	at org.knime.python3.QueuedPythonGatewayFactory$PythonGatewayQueue.takeOrCreateGatewayAndEnqueue(QueuedPythonGatewayFactory.java:276)
	at org.knime.python3.QueuedPythonGatewayFactory$PythonGatewayQueue.getNextGateway(QueuedPythonGatewayFactory.java:253)
	at org.knime.python3.QueuedPythonGatewayFactory.create(QueuedPythonGatewayFactory.java:118)
	at org.knime.python3.nodes.PythonNodeGatewayFactory.create(PythonNodeGatewayFactory.java:138)
	at org.knime.python3.nodes.PythonExtensionParser.retrieveDynamicInformationFromPython(PythonExtensionParser.java:181)
	at org.knime.python3.nodes.PythonExtensionParser.parseExtension(PythonExtensionParser.java:130)
	at org.knime.python3.nodes.PurePythonNodeSetFactory.parseExtension(PurePythonNodeSetFactory.java:113)
	at org.knime.python3.nodes.PurePythonNodeSetFactory.lambda$3(PurePythonNodeSetFactory.java:107)
	at java.base/java.util.stream.ReferencePipeline$3$1.accept(Unknown Source)
	at java.base/java.util.ArrayList$ArrayListSpliterator.forEachRemaining(Unknown Source)
	at java.base/java.util.stream.AbstractPipeline.copyInto(Unknown Source)
	at java.base/java.util.stream.AbstractPipeline.wrapAndCopyInto(Unknown Source)
	at java.base/java.util.stream.StreamSpliterators$WrappingSpliterator.forEachRemaining(Unknown Source)
	at java.base/java.util.stream.Streams$ConcatSpliterator.forEachRemaining(Unknown Source)
	at java.base/java.util.stream.AbstractPipeline.copyInto(Unknown Source)
	at java.base/java.util.stream.AbstractPipeline.wrapAndCopyInto(Unknown Source)
	at java.base/java.util.stream.ReduceOps$ReduceOp.evaluateSequential(Unknown Source)
	at java.base/java.util.stream.AbstractPipeline.evaluate(Unknown Source)
	at java.base/java.util.stream.ReferencePipeline.collect(Unknown Source)
	at org.knime.python3.nodes.extension.ExtensionNodeSetFactory.<init>(ExtensionNodeSetFactory.java:119)
	at org.knime.python3.nodes.PurePythonNodeSetFactory.<init>(PurePythonNodeSetFactory.java:88)
	at java.base/jdk.internal.reflect.NativeConstructorAccessorImpl.newInstance0(Native Method)
	at java.base/jdk.internal.reflect.NativeConstructorAccessorImpl.newInstance(Unknown Source)
	at java.base/jdk.internal.reflect.DelegatingConstructorAccessorImpl.newInstance(Unknown Source)
	at java.base/java.lang.reflect.Constructor.newInstanceWithCaller(Unknown Source)
	at java.base/java.lang.reflect.Constructor.newInstance(Unknown Source)
	at org.eclipse.core.internal.registry.osgi.RegistryStrategyOSGI.createExecutableExtension(RegistryStrategyOSGI.java:233)
	at org.eclipse.core.internal.registry.ExtensionRegistry.createExecutableExtension(ExtensionRegistry.java:987)
	at org.eclipse.core.internal.registry.ConfigurationElement.createExecutableExtension(ConfigurationElement.java:255)
	at org.eclipse.core.internal.registry.ConfigurationElementHandle.createExecutableExtension(ConfigurationElementHandle.java:65)
	at org.knime.core.node.extension.NodeSetFactoryExtension.from(NodeSetFactoryExtension.java:274)
	at java.base/java.util.stream.ReferencePipeline$3$1.accept(Unknown Source)
	at java.base/java.util.Spliterators$ArraySpliterator.forEachRemaining(Unknown Source)
	at java.base/java.util.stream.AbstractPipeline.copyInto(Unknown Source)
	at java.base/java.util.stream.AbstractPipeline.wrapAndCopyInto(Unknown Source)
	at java.base/java.util.stream.Nodes$CollectorTask.doLeaf(Unknown Source)
	at java.base/java.util.stream.Nodes$CollectorTask.doLeaf(Unknown Source)
	at java.base/java.util.stream.AbstractTask.compute(Unknown Source)
	at java.base/java.util.concurrent.CountedCompleter.exec(Unknown Source)
	at java.base/java.util.concurrent.ForkJoinTask.doExec(Unknown Source)
	at java.base/java.util.concurrent.ForkJoinPool$WorkQueue.topLevelExec(Unknown Source)
	at java.base/java.util.concurrent.ForkJoinPool.scan(Unknown Source)
	at java.base/java.util.concurrent.ForkJoinPool.runWorker(Unknown Source)
	at java.base/java.util.concurrent.ForkJoinWorkerThread.run(Unknown Source)
2025-04-29 15:03:14,126 : WARN  : python-gateway-creator-0 :  : DefaultPythonGateway :  :  : Python standard output: 
2025-04-29 15:03:14,127 : WARN  : python-gateway-creator-0 :  : DefaultPythonGateway :  :  : Python standard error: Traceback (most recent call last):
  File "/Applications/KNIME 5.4.3.app/Contents/Eclipse/bundling/envs/org_knime_python_llm/lib/python3.11/site-packages/numpy/core/__init__.py", line 24, in <module>
    from . import multiarray
  File "/Applications/KNIME 5.4.3.app/Contents/Eclipse/bundling/envs/org_knime_python_llm/lib/python3.11/site-packages/numpy/core/multiarray.py", line 10, in <module>
    from . import overrides
  File "/Applications/KNIME 5.4.3.app/Contents/Eclipse/bundling/envs/org_knime_python_llm/lib/python3.11/site-packages/numpy/core/overrides.py", line 8, in <module>
    from numpy.core._multiarray_umath import (
ImportError: dlopen(/Applications/KNIME 5.4.3.app/Contents/Eclipse/bundling/envs/org_knime_python_llm/lib/python3.11/site-packages/numpy/core/_multiarray_umath.cpython-311-darwin.so, 0x0002): Library not loaded: @rpath/libgfortran.5.dylib
  Referenced from: <D37BED4E-7F75-3467-A281-7E7E316989C9> /Applications/KNIME 5.4.3.app/Contents/Eclipse/bundling/envs/org_knime_python_llm/lib/libopenblas.0.dylib
  Reason: tried: '/Applications/KNIME 5.4.3.app/Contents/Eclipse/bundling/envs/org_knime_python_llm/lib/libgfortran.5.dylib' (duplicate LC_RPATH '@loader_path'), '/Applications/KNIME 5.4.3.app/Contents/Eclipse/bundling/envs/org_knime_python_llm/lib/libgfortran.5.dylib' (duplicate LC_RPATH '@loader_path'), '/Applications/KNIME 5.4.3.app/Contents/Eclipse/bundling/envs/org_knime_python_llm/lib/python3.11/site-packages/numpy/core/../../../../libgfortran.5.dylib' (duplicate LC_RPATH '@loader_path'), '/Applications/KNIME 5.4.3.app/Contents/Eclipse/bundling/envs/org_knime_python_llm/lib/python3.11/site-packages/numpy/core/../../../../libgfortran.5.dylib' (duplicate LC_RPATH '@loader_path'), '/Applications/KNIME 5.4.3.app/Contents/Eclipse/bundling/envs/org_knime_python_llm/bin/../lib/libgfortran.5.dylib' (duplicate LC_RPATH '@loader_path'), '/Applications/KNIME 5.4.3.app/Contents/Eclipse/bundling/envs/org_knime_python_llm/bin/../lib/libgfortran.5.dylib' (duplicate LC_RPATH '@loader_path'), '/usr/local/lib/libgfortran.5.dylib' (no such file), '/usr/lib/libgfortran.5.dylib' (no such file, not in dyld cache)

During handling of the above exception, another exception occurred:

Traceback (most recent call last):
  File "/Applications/KNIME 5.4.3.app/Contents/Eclipse/bundling/envs/org_knime_python_llm/lib/python3.11/site-packages/numpy/__init__.py", line 130, in <module>
    from numpy.__config__ import show as show_config
  File "/Applications/KNIME 5.4.3.app/Contents/Eclipse/bundling/envs/org_knime_python_llm/lib/python3.11/site-packages/numpy/__config__.py", line 4, in <module>
    from numpy.core._multiarray_umath import (
  File "/Applications/KNIME 5.4.3.app/Contents/Eclipse/bundling/envs/org_knime_python_llm/lib/python3.11/site-packages/numpy/core/__init__.py", line 50, in <module>
    raise ImportError(msg)
ImportError: 

IMPORTANT: PLEASE READ THIS FOR ADVICE ON HOW TO SOLVE THIS ISSUE!

Importing the numpy C-extensions failed. This error can happen for
many reasons, often due to issues with your setup or how NumPy was
installed.

We have compiled some common reasons and troubleshooting tips at:

    https://numpy.org/devdocs/user/troubleshooting-importerror.html

Please note and check the following:

  * The Python version is: Python3.11 from "/Applications/KNIME 5.4.3.app/Contents/Eclipse/bundling/envs/org_knime_python_llm/bin/python"
  * The NumPy version is: "1.26.4"

and make sure that they are the versions you expect.
Please carefully study the documentation linked above for further help.

Original error was: dlopen(/Applications/KNIME 5.4.3.app/Contents/Eclipse/bundling/envs/org_knime_python_llm/lib/python3.11/site-packages/numpy/core/_multiarray_umath.cpython-311-darwin.so, 0x0002): Library not loaded: @rpath/libgfortran.5.dylib
  Referenced from: <D37BED4E-7F75-3467-A281-7E7E316989C9> /Applications/KNIME 5.4.3.app/Contents/Eclipse/bundling/envs/org_knime_python_llm/lib/libopenblas.0.dylib
  Reason: tried: '/Applications/KNIME 5.4.3.app/Contents/Eclipse/bundling/envs/org_knime_python_llm/lib/libgfortran.5.dylib' (duplicate LC_RPATH '@loader_path'), '/Applications/KNIME 5.4.3.app/Contents/Eclipse/bundling/envs/org_knime_python_llm/lib/libgfortran.5.dylib' (duplicate LC_RPATH '@loader_path'), '/Applications/KNIME 5.4.3.app/Contents/Eclipse/bundling/envs/org_knime_python_llm/lib/python3.11/site-packages/numpy/core/../../../../libgfortran.5.dylib' (duplicate LC_RPATH '@loader_path'), '/Applications/KNIME 5.4.3.app/Contents/Eclipse/bundling/envs/org_knime_python_llm/lib/python3.11/site-packages/numpy/core/../../../../libgfortran.5.dylib' (duplicate LC_RPATH '@loader_path'), '/Applications/KNIME 5.4.3.app/Contents/Eclipse/bundling/envs/org_knime_python_llm/bin/../lib/libgfortran.5.dylib' (duplicate LC_RPATH '@loader_path'), '/Applications/KNIME 5.4.3.app/Contents/Eclipse/bundling/envs/org_knime_python_llm/bin/../lib/libgfortran.5.dylib' (duplicate LC_RPATH '@loader_path'), '/usr/local/lib/libgfortran.5.dylib' (no such file), '/usr/lib/libgfortran.5.dylib' (no such file, not in dyld cache)


The above exception was the direct cause of the following exception:

Traceback (most recent call last):
  File "/Applications/KNIME 5.4.3.app/Contents/Eclipse/plugins/org.knime.python3.nodes_5.4.1.v202501291500/src/main/python/_node_backend_launcher.py", line 62, in <module>
    import knime._arrow._table as kat
  File "/Applications/KNIME 5.4.3.app/Contents/Eclipse/plugins/org.knime.python3.arrow_5.4.0.v202411121140/src/main/python/knime/_arrow/_table.py", line 52, in <module>
    import pyarrow as pa
  File "/Applications/KNIME 5.4.3.app/Contents/Eclipse/bundling/envs/org_knime_python_llm/lib/python3.11/site-packages/pyarrow/__init__.py", line 65, in <module>
    import pyarrow.lib as _lib
  File "pyarrow/lib.pyx", line 24, in init pyarrow.lib
  File "/Applications/KNIME 5.4.3.app/Contents/Eclipse/bundling/envs/org_knime_python_llm/lib/python3.11/site-packages/numpy/__init__.py", line 135, in <module>
    raise ImportError(msg) from e
ImportError: Error importing numpy: you should not try to import numpy from
        its source directory; please exit the numpy source tree, and relaunch
        your python interpreter from there.

2025-04-29 15:03:14,235 : WARN  : python-gateway-creator-1 :  : DefaultPythonGateway :  :  : Python standard output: 
2025-04-29 15:03:14,236 : WARN  : python-gateway-creator-1 :  : DefaultPythonGateway :  :  : Python standard error: Traceback (most recent call last):
  File "/Applications/KNIME 5.4.3.app/Contents/Eclipse/bundling/envs/org_knime_python_llm/lib/python3.11/site-packages/numpy/core/__init__.py", line 24, in <module>
    from . import multiarray
  File "/Applications/KNIME 5.4.3.app/Contents/Eclipse/bundling/envs/org_knime_python_llm/lib/python3.11/site-packages/numpy/core/multiarray.py", line 10, in <module>
    from . import overrides
  File "/Applications/KNIME 5.4.3.app/Contents/Eclipse/bundling/envs/org_knime_python_llm/lib/python3.11/site-packages/numpy/core/overrides.py", line 8, in <module>
    from numpy.core._multiarray_umath import (
ImportError: dlopen(/Applications/KNIME 5.4.3.app/Contents/Eclipse/bundling/envs/org_knime_python_llm/lib/python3.11/site-packages/numpy/core/_multiarray_umath.cpython-311-darwin.so, 0x0002): Library not loaded: @rpath/libgfortran.5.dylib
  Referenced from: <D37BED4E-7F75-3467-A281-7E7E316989C9> /Applications/KNIME 5.4.3.app/Contents/Eclipse/bundling/envs/org_knime_python_llm/lib/libopenblas.0.dylib
  Reason: tried: '/Applications/KNIME 5.4.3.app/Contents/Eclipse/bundling/envs/org_knime_python_llm/lib/libgfortran.5.dylib' (duplicate LC_RPATH '@loader_path'), '/Applications/KNIME 5.4.3.app/Contents/Eclipse/bundling/envs/org_knime_python_llm/lib/libgfortran.5.dylib' (duplicate LC_RPATH '@loader_path'), '/Applications/KNIME 5.4.3.app/Contents/Eclipse/bundling/envs/org_knime_python_llm/lib/python3.11/site-packages/numpy/core/../../../../libgfortran.5.dylib' (duplicate LC_RPATH '@loader_path'), '/Applications/KNIME 5.4.3.app/Contents/Eclipse/bundling/envs/org_knime_python_llm/lib/python3.11/site-packages/numpy/core/../../../../libgfortran.5.dylib' (duplicate LC_RPATH '@loader_path'), '/Applications/KNIME 5.4.3.app/Contents/Eclipse/bundling/envs/org_knime_python_llm/bin/../lib/libgfortran.5.dylib' (duplicate LC_RPATH '@loader_path'), '/Applications/KNIME 5.4.3.app/Contents/Eclipse/bundling/envs/org_knime_python_llm/bin/../lib/libgfortran.5.dylib' (duplicate LC_RPATH '@loader_path'), '/usr/local/lib/libgfortran.5.dylib' (no such file), '/usr/lib/libgfortran.5.dylib' (no such file, not in dyld cache)

During handling of the above exception, another exception occurred:

Traceback (most recent call last):
  File "/Applications/KNIME 5.4.3.app/Contents/Eclipse/bundling/envs/org_knime_python_llm/lib/python3.11/site-packages/numpy/__init__.py", line 130, in <module>
    from numpy.__config__ import show as show_config
  File "/Applications/KNIME 5.4.3.app/Contents/Eclipse/bundling/envs/org_knime_python_llm/lib/python3.11/site-packages/numpy/__config__.py", line 4, in <module>
    from numpy.core._multiarray_umath import (
  File "/Applications/KNIME 5.4.3.app/Contents/Eclipse/bundling/envs/org_knime_python_llm/lib/python3.11/site-packages/numpy/core/__init__.py", line 50, in <module>
    raise ImportError(msg)
ImportError: 

IMPORTANT: PLEASE READ THIS FOR ADVICE ON HOW TO SOLVE THIS ISSUE!

Importing the numpy C-extensions failed. This error can happen for
many reasons, often due to issues with your setup or how NumPy was
installed.

We have compiled some common reasons and troubleshooting tips at:

    https://numpy.org/devdocs/user/troubleshooting-importerror.html

Please note and check the following:

  * The Python version is: Python3.11 from "/Applications/KNIME 5.4.3.app/Contents/Eclipse/bundling/envs/org_knime_python_llm/bin/python"
  * The NumPy version is: "1.26.4"

and make sure that they are the versions you expect.
Please carefully study the documentation linked above for further help.

Original error was: dlopen(/Applications/KNIME 5.4.3.app/Contents/Eclipse/bundling/envs/org_knime_python_llm/lib/python3.11/site-packages/numpy/core/_multiarray_umath.cpython-311-darwin.so, 0x0002): Library not loaded: @rpath/libgfortran.5.dylib
  Referenced from: <D37BED4E-7F75-3467-A281-7E7E316989C9> /Applications/KNIME 5.4.3.app/Contents/Eclipse/bundling/envs/org_knime_python_llm/lib/libopenblas.0.dylib
  Reason: tried: '/Applications/KNIME 5.4.3.app/Contents/Eclipse/bundling/envs/org_knime_python_llm/lib/libgfortran.5.dylib' (duplicate LC_RPATH '@loader_path'), '/Applications/KNIME 5.4.3.app/Contents/Eclipse/bundling/envs/org_knime_python_llm/lib/libgfortran.5.dylib' (duplicate LC_RPATH '@loader_path'), '/Applications/KNIME 5.4.3.app/Contents/Eclipse/bundling/envs/org_knime_python_llm/lib/python3.11/site-packages/numpy/core/../../../../libgfortran.5.dylib' (duplicate LC_RPATH '@loader_path'), '/Applications/KNIME 5.4.3.app/Contents/Eclipse/bundling/envs/org_knime_python_llm/lib/python3.11/site-packages/numpy/core/../../../../libgfortran.5.dylib' (duplicate LC_RPATH '@loader_path'), '/Applications/KNIME 5.4.3.app/Contents/Eclipse/bundling/envs/org_knime_python_llm/bin/../lib/libgfortran.5.dylib' (duplicate LC_RPATH '@loader_path'), '/Applications/KNIME 5.4.3.app/Contents/Eclipse/bundling/envs/org_knime_python_llm/bin/../lib/libgfortran.5.dylib' (duplicate LC_RPATH '@loader_path'), '/usr/local/lib/libgfortran.5.dylib' (no such file), '/usr/lib/libgfortran.5.dylib' (no such file, not in dyld cache)


The above exception was the direct cause of the following exception:

Traceback (most recent call last):
  File "/Applications/KNIME 5.4.3.app/Contents/Eclipse/plugins/org.knime.python3.nodes_5.4.1.v202501291500/src/main/python/_node_backend_launcher.py", line 62, in <module>
    import knime._arrow._table as kat
  File "/Applications/KNIME 5.4.3.app/Contents/Eclipse/plugins/org.knime.python3.arrow_5.4.0.v202411121140/src/main/python/knime/_arrow/_table.py", line 52, in <module>
    import pyarrow as pa
  File "/Applications/KNIME 5.4.3.app/Contents/Eclipse/bundling/envs/org_knime_python_llm/lib/python3.11/site-packages/pyarrow/__init__.py", line 65, in <module>
    import pyarrow.lib as _lib
  File "pyarrow/lib.pyx", line 24, in init pyarrow.lib
  File "/Applications/KNIME 5.4.3.app/Contents/Eclipse/bundling/envs/org_knime_python_llm/lib/python3.11/site-packages/numpy/__init__.py", line 135, in <module>
    raise ImportError(msg) from e
ImportError: Error importing numpy: you should not try to import numpy from
        its source directory; please exit the numpy source tree, and relaunch
        your python interpreter from there.

2025-04-29 15:03:14,344 : WARN  : KNIME-Worker-0 :  : DefaultPythonGateway :  :  : Python standard output: 
2025-04-29 15:03:14,344 : WARN  : KNIME-Worker-0 :  : DefaultPythonGateway :  :  : Python standard error: Traceback (most recent call last):
  File "/Applications/KNIME 5.4.3.app/Contents/Eclipse/bundling/envs/org_knime_python_llm/lib/python3.11/site-packages/numpy/core/__init__.py", line 24, in <module>
    from . import multiarray
  File "/Applications/KNIME 5.4.3.app/Contents/Eclipse/bundling/envs/org_knime_python_llm/lib/python3.11/site-packages/numpy/core/multiarray.py", line 10, in <module>
    from . import overrides
  File "/Applications/KNIME 5.4.3.app/Contents/Eclipse/bundling/envs/org_knime_python_llm/lib/python3.11/site-packages/numpy/core/overrides.py", line 8, in <module>
    from numpy.core._multiarray_umath import (
ImportError: dlopen(/Applications/KNIME 5.4.3.app/Contents/Eclipse/bundling/envs/org_knime_python_llm/lib/python3.11/site-packages/numpy/core/_multiarray_umath.cpython-311-darwin.so, 0x0002): Library not loaded: @rpath/libgfortran.5.dylib
  Referenced from: <D37BED4E-7F75-3467-A281-7E7E316989C9> /Applications/KNIME 5.4.3.app/Contents/Eclipse/bundling/envs/org_knime_python_llm/lib/libopenblas.0.dylib
  Reason: tried: '/Applications/KNIME 5.4.3.app/Contents/Eclipse/bundling/envs/org_knime_python_llm/lib/libgfortran.5.dylib' (duplicate LC_RPATH '@loader_path'), '/Applications/KNIME 5.4.3.app/Contents/Eclipse/bundling/envs/org_knime_python_llm/lib/libgfortran.5.dylib' (duplicate LC_RPATH '@loader_path'), '/Applications/KNIME 5.4.3.app/Contents/Eclipse/bundling/envs/org_knime_python_llm/lib/python3.11/site-packages/numpy/core/../../../../libgfortran.5.dylib' (duplicate LC_RPATH '@loader_path'), '/Applications/KNIME 5.4.3.app/Contents/Eclipse/bundling/envs/org_knime_python_llm/lib/python3.11/site-packages/numpy/core/../../../../libgfortran.5.dylib' (duplicate LC_RPATH '@loader_path'), '/Applications/KNIME 5.4.3.app/Contents/Eclipse/bundling/envs/org_knime_python_llm/bin/../lib/libgfortran.5.dylib' (duplicate LC_RPATH '@loader_path'), '/Applications/KNIME 5.4.3.app/Contents/Eclipse/bundling/envs/org_knime_python_llm/bin/../lib/libgfortran.5.dylib' (duplicate LC_RPATH '@loader_path'), '/usr/local/lib/libgfortran.5.dylib' (no such file), '/usr/lib/libgfortran.5.dylib' (no such file, not in dyld cache)

During handling of the above exception, another exception occurred:

Traceback (most recent call last):
  File "/Applications/KNIME 5.4.3.app/Contents/Eclipse/bundling/envs/org_knime_python_llm/lib/python3.11/site-packages/numpy/__init__.py", line 130, in <module>
    from numpy.__config__ import show as show_config
  File "/Applications/KNIME 5.4.3.app/Contents/Eclipse/bundling/envs/org_knime_python_llm/lib/python3.11/site-packages/numpy/__config__.py", line 4, in <module>
    from numpy.core._multiarray_umath import (
  File "/Applications/KNIME 5.4.3.app/Contents/Eclipse/bundling/envs/org_knime_python_llm/lib/python3.11/site-packages/numpy/core/__init__.py", line 50, in <module>
    raise ImportError(msg)
ImportError: 

IMPORTANT: PLEASE READ THIS FOR ADVICE ON HOW TO SOLVE THIS ISSUE!

Importing the numpy C-extensions failed. This error can happen for
many reasons, often due to issues with your setup or how NumPy was
installed.

We have compiled some common reasons and troubleshooting tips at:

    https://numpy.org/devdocs/user/troubleshooting-importerror.html

Please note and check the following:

  * The Python version is: Python3.11 from "/Applications/KNIME 5.4.3.app/Contents/Eclipse/bundling/envs/org_knime_python_llm/bin/python"
  * The NumPy version is: "1.26.4"

and make sure that they are the versions you expect.
Please carefully study the documentation linked above for further help.

Original error was: dlopen(/Applications/KNIME 5.4.3.app/Contents/Eclipse/bundling/envs/org_knime_python_llm/lib/python3.11/site-packages/numpy/core/_multiarray_umath.cpython-311-darwin.so, 0x0002): Library not loaded: @rpath/libgfortran.5.dylib
  Referenced from: <D37BED4E-7F75-3467-A281-7E7E316989C9> /Applications/KNIME 5.4.3.app/Contents/Eclipse/bundling/envs/org_knime_python_llm/lib/libopenblas.0.dylib
  Reason: tried: '/Applications/KNIME 5.4.3.app/Contents/Eclipse/bundling/envs/org_knime_python_llm/lib/libgfortran.5.dylib' (duplicate LC_RPATH '@loader_path'), '/Applications/KNIME 5.4.3.app/Contents/Eclipse/bundling/envs/org_knime_python_llm/lib/libgfortran.5.dylib' (duplicate LC_RPATH '@loader_path'), '/Applications/KNIME 5.4.3.app/Contents/Eclipse/bundling/envs/org_knime_python_llm/lib/python3.11/site-packages/numpy/core/../../../../libgfortran.5.dylib' (duplicate LC_RPATH '@loader_path'), '/Applications/KNIME 5.4.3.app/Contents/Eclipse/bundling/envs/org_knime_python_llm/lib/python3.11/site-packages/numpy/core/../../../../libgfortran.5.dylib' (duplicate LC_RPATH '@loader_path'), '/Applications/KNIME 5.4.3.app/Contents/Eclipse/bundling/envs/org_knime_python_llm/bin/../lib/libgfortran.5.dylib' (duplicate LC_RPATH '@loader_path'), '/Applications/KNIME 5.4.3.app/Contents/Eclipse/bundling/envs/org_knime_python_llm/bin/../lib/libgfortran.5.dylib' (duplicate LC_RPATH '@loader_path'), '/usr/local/lib/libgfortran.5.dylib' (no such file), '/usr/lib/libgfortran.5.dylib' (no such file, not in dyld cache)


The above exception was the direct cause of the following exception:

Traceback (most recent call last):
  File "/Applications/KNIME 5.4.3.app/Contents/Eclipse/plugins/org.knime.python3.nodes_5.4.1.v202501291500/src/main/python/_node_backend_launcher.py", line 62, in <module>
    import knime._arrow._table as kat
  File "/Applications/KNIME 5.4.3.app/Contents/Eclipse/plugins/org.knime.python3.arrow_5.4.0.v202411121140/src/main/python/knime/_arrow/_table.py", line 52, in <module>
    import pyarrow as pa
  File "/Applications/KNIME 5.4.3.app/Contents/Eclipse/bundling/envs/org_knime_python_llm/lib/python3.11/site-packages/pyarrow/__init__.py", line 65, in <module>
    import pyarrow.lib as _lib
  File "pyarrow/lib.pyx", line 24, in init pyarrow.lib
  File "/Applications/KNIME 5.4.3.app/Contents/Eclipse/bundling/envs/org_knime_python_llm/lib/python3.11/site-packages/numpy/__init__.py", line 135, in <module>
    raise ImportError(msg) from e
ImportError: Error importing numpy: you should not try to import numpy from
        its source directory; please exit the numpy source tree, and relaunch
        your python interpreter from there.

2025-04-29 15:03:14,345 : ERROR : KNIME-Worker-0 :  : PurePythonNodeSetFactory :  :  : Failed to parse Python node extension at path '/Applications/KNIME 5.4.3.app/Contents/Eclipse/plugins/org.knime.python.llm_5.4.3.v202503051153/src/main/python'. Could not connect to the Python process.
java.net.ConnectException: Could not connect to the Python process.
	at org.knime.python3.DefaultPythonGateway.waitForConnection(DefaultPythonGateway.java:281)
	at org.knime.python3.DefaultPythonGateway.<init>(DefaultPythonGateway.java:204)
	at org.knime.python3.DefaultPythonGateway.create(DefaultPythonGateway.java:150)
	at org.knime.python3.FreshPythonGatewayFactory.create(FreshPythonGatewayFactory.java:78)
	at org.knime.python3.QueuedPythonGatewayFactory$PythonGatewayQueue.takeOrCreateGatewayAndEnqueue(QueuedPythonGatewayFactory.java:276)
	at org.knime.python3.QueuedPythonGatewayFactory$PythonGatewayQueue.getNextGateway(QueuedPythonGatewayFactory.java:253)
	at org.knime.python3.QueuedPythonGatewayFactory.create(QueuedPythonGatewayFactory.java:118)
	at org.knime.python3.nodes.PythonNodeGatewayFactory.create(PythonNodeGatewayFactory.java:138)
	at org.knime.python3.nodes.PythonExtensionParser.retrieveDynamicInformationFromPython(PythonExtensionParser.java:181)
	at org.knime.python3.nodes.PythonExtensionParser.parseExtension(PythonExtensionParser.java:130)
	at org.knime.python3.nodes.PurePythonNodeSetFactory.parseExtension(PurePythonNodeSetFactory.java:113)
	at org.knime.python3.nodes.PurePythonNodeSetFactory.lambda$3(PurePythonNodeSetFactory.java:107)
	at java.base/java.util.stream.ReferencePipeline$3$1.accept(Unknown Source)
	at java.base/java.util.ArrayList$ArrayListSpliterator.forEachRemaining(Unknown Source)
	at java.base/java.util.stream.AbstractPipeline.copyInto(Unknown Source)
	at java.base/java.util.stream.AbstractPipeline.wrapAndCopyInto(Unknown Source)
	at java.base/java.util.stream.StreamSpliterators$WrappingSpliterator.forEachRemaining(Unknown Source)
	at java.base/java.util.stream.Streams$ConcatSpliterator.forEachRemaining(Unknown Source)
	at java.base/java.util.stream.AbstractPipeline.copyInto(Unknown Source)
	at java.base/java.util.stream.AbstractPipeline.wrapAndCopyInto(Unknown Source)
	at java.base/java.util.stream.ReduceOps$ReduceOp.evaluateSequential(Unknown Source)
	at java.base/java.util.stream.AbstractPipeline.evaluate(Unknown Source)
	at java.base/java.util.stream.ReferencePipeline.collect(Unknown Source)
	at org.knime.python3.nodes.extension.ExtensionNodeSetFactory.<init>(ExtensionNodeSetFactory.java:119)
	at org.knime.python3.nodes.PurePythonNodeSetFactory.<init>(PurePythonNodeSetFactory.java:88)
	at java.base/jdk.internal.reflect.NativeConstructorAccessorImpl.newInstance0(Native Method)
	at java.base/jdk.internal.reflect.NativeConstructorAccessorImpl.newInstance(Unknown Source)
	at java.base/jdk.internal.reflect.DelegatingConstructorAccessorImpl.newInstance(Unknown Source)
	at java.base/java.lang.reflect.Constructor.newInstanceWithCaller(Unknown Source)
	at java.base/java.lang.reflect.Constructor.newInstance(Unknown Source)
	at org.eclipse.core.internal.registry.osgi.RegistryStrategyOSGI.createExecutableExtension(RegistryStrategyOSGI.java:233)
	at org.eclipse.core.internal.registry.ExtensionRegistry.createExecutableExtension(ExtensionRegistry.java:987)
	at org.eclipse.core.internal.registry.ConfigurationElement.createExecutableExtension(ConfigurationElement.java:255)
	at org.eclipse.core.internal.registry.ConfigurationElementHandle.createExecutableExtension(ConfigurationElementHandle.java:65)
	at org.knime.core.node.extension.CategoryExtensionUtil.collectFromCategorySetsExtPoint(CategoryExtensionUtil.java:125)
	at org.knime.core.node.extension.CategoryExtensionUtil.collectCategoryExtensions(CategoryExtensionUtil.java:91)
	at org.knime.core.node.extension.NodeSpecCollectionProvider.getInstance(NodeSpecCollectionProvider.java:84)
	at java.base/java.util.concurrent.FutureTask.run(Unknown Source)
	at org.knime.core.util.ThreadPool$MyFuture.run(ThreadPool.java:123)
	at org.knime.core.util.ThreadPool$Worker.run(ThreadPool.java:246)
2025-04-29 16:11:20,934 : WARN  : ForkJoinPool.commonPool-worker-2 :  : DefaultPythonGateway :  :  : Python standard output: 
2025-04-29 16:11:20,935 : WARN  : ForkJoinPool.commonPool-worker-2 :  : DefaultPythonGateway :  :  : Python standard error: Traceback (most recent call last):
  File "/Applications/KNIME 5.4.3.app/Contents/Eclipse/bundling/envs/org_knime_python_llm/lib/python3.11/site-packages/numpy/core/__init__.py", line 24, in <module>
    from . import multiarray
  File "/Applications/KNIME 5.4.3.app/Contents/Eclipse/bundling/envs/org_knime_python_llm/lib/python3.11/site-packages/numpy/core/multiarray.py", line 10, in <module>
    from . import overrides
  File "/Applications/KNIME 5.4.3.app/Contents/Eclipse/bundling/envs/org_knime_python_llm/lib/python3.11/site-packages/numpy/core/overrides.py", line 8, in <module>
    from numpy.core._multiarray_umath import (
ImportError: dlopen(/Applications/KNIME 5.4.3.app/Contents/Eclipse/bundling/envs/org_knime_python_llm/lib/python3.11/site-packages/numpy/core/_multiarray_umath.cpython-311-darwin.so, 0x0002): Library not loaded: @rpath/libgfortran.5.dylib
  Referenced from: <D37BED4E-7F75-3467-A281-7E7E316989C9> /Applications/KNIME 5.4.3.app/Contents/Eclipse/bundling/envs/org_knime_python_llm/lib/libopenblas.0.dylib
  Reason: tried: '/Applications/KNIME 5.4.3.app/Contents/Eclipse/bundling/envs/org_knime_python_llm/lib/libgfortran.5.dylib' (duplicate LC_RPATH '@loader_path'), '/Applications/KNIME 5.4.3.app/Contents/Eclipse/bundling/envs/org_knime_python_llm/lib/libgfortran.5.dylib' (duplicate LC_RPATH '@loader_path'), '/Applications/KNIME 5.4.3.app/Contents/Eclipse/bundling/envs/org_knime_python_llm/lib/python3.11/site-packages/numpy/core/../../../../libgfortran.5.dylib' (duplicate LC_RPATH '@loader_path'), '/Applications/KNIME 5.4.3.app/Contents/Eclipse/bundling/envs/org_knime_python_llm/lib/python3.11/site-packages/numpy/core/../../../../libgfortran.5.dylib' (duplicate LC_RPATH '@loader_path'), '/Applications/KNIME 5.4.3.app/Contents/Eclipse/bundling/envs/org_knime_python_llm/bin/../lib/libgfortran.5.dylib' (duplicate LC_RPATH '@loader_path'), '/Applications/KNIME 5.4.3.app/Contents/Eclipse/bundling/envs/org_knime_python_llm/bin/../lib/libgfortran.5.dylib' (duplicate LC_RPATH '@loader_path'), '/usr/local/lib/libgfortran.5.dylib' (no such file), '/usr/lib/libgfortran.5.dylib' (no such file, not in dyld cache)

During handling of the above exception, another exception occurred:

Traceback (most recent call last):
  File "/Applications/KNIME 5.4.3.app/Contents/Eclipse/bundling/envs/org_knime_python_llm/lib/python3.11/site-packages/numpy/__init__.py", line 130, in <module>
    from numpy.__config__ import show as show_config
  File "/Applications/KNIME 5.4.3.app/Contents/Eclipse/bundling/envs/org_knime_python_llm/lib/python3.11/site-packages/numpy/__config__.py", line 4, in <module>
    from numpy.core._multiarray_umath import (
  File "/Applications/KNIME 5.4.3.app/Contents/Eclipse/bundling/envs/org_knime_python_llm/lib/python3.11/site-packages/numpy/core/__init__.py", line 50, in <module>
    raise ImportError(msg)
ImportError: 

IMPORTANT: PLEASE READ THIS FOR ADVICE ON HOW TO SOLVE THIS ISSUE!

Importing the numpy C-extensions failed. This error can happen for
many reasons, often due to issues with your setup or how NumPy was
installed.

We have compiled some common reasons and troubleshooting tips at:

    https://numpy.org/devdocs/user/troubleshooting-importerror.html

Please note and check the following:

  * The Python version is: Python3.11 from "/Applications/KNIME 5.4.3.app/Contents/Eclipse/bundling/envs/org_knime_python_llm/bin/python"
  * The NumPy version is: "1.26.4"

and make sure that they are the versions you expect.
Please carefully study the documentation linked above for further help.

Original error was: dlopen(/Applications/KNIME 5.4.3.app/Contents/Eclipse/bundling/envs/org_knime_python_llm/lib/python3.11/site-packages/numpy/core/_multiarray_umath.cpython-311-darwin.so, 0x0002): Library not loaded: @rpath/libgfortran.5.dylib
  Referenced from: <D37BED4E-7F75-3467-A281-7E7E316989C9> /Applications/KNIME 5.4.3.app/Contents/Eclipse/bundling/envs/org_knime_python_llm/lib/libopenblas.0.dylib
  Reason: tried: '/Applications/KNIME 5.4.3.app/Contents/Eclipse/bundling/envs/org_knime_python_llm/lib/libgfortran.5.dylib' (duplicate LC_RPATH '@loader_path'), '/Applications/KNIME 5.4.3.app/Contents/Eclipse/bundling/envs/org_knime_python_llm/lib/libgfortran.5.dylib' (duplicate LC_RPATH '@loader_path'), '/Applications/KNIME 5.4.3.app/Contents/Eclipse/bundling/envs/org_knime_python_llm/lib/python3.11/site-packages/numpy/core/../../../../libgfortran.5.dylib' (duplicate LC_RPATH '@loader_path'), '/Applications/KNIME 5.4.3.app/Contents/Eclipse/bundling/envs/org_knime_python_llm/lib/python3.11/site-packages/numpy/core/../../../../libgfortran.5.dylib' (duplicate LC_RPATH '@loader_path'), '/Applications/KNIME 5.4.3.app/Contents/Eclipse/bundling/envs/org_knime_python_llm/bin/../lib/libgfortran.5.dylib' (duplicate LC_RPATH '@loader_path'), '/Applications/KNIME 5.4.3.app/Contents/Eclipse/bundling/envs/org_knime_python_llm/bin/../lib/libgfortran.5.dylib' (duplicate LC_RPATH '@loader_path'), '/usr/local/lib/libgfortran.5.dylib' (no such file), '/usr/lib/libgfortran.5.dylib' (no such file, not in dyld cache)


The above exception was the direct cause of the following exception:

Traceback (most recent call last):
  File "/Applications/KNIME 5.4.3.app/Contents/Eclipse/plugins/org.knime.python3.nodes_5.4.1.v202501291500/src/main/python/_node_backend_launcher.py", line 62, in <module>
    import knime._arrow._table as kat
  File "/Applications/KNIME 5.4.3.app/Contents/Eclipse/plugins/org.knime.python3.arrow_5.4.0.v202411121140/src/main/python/knime/_arrow/_table.py", line 52, in <module>
    import pyarrow as pa
  File "/Applications/KNIME 5.4.3.app/Contents/Eclipse/bundling/envs/org_knime_python_llm/lib/python3.11/site-packages/pyarrow/__init__.py", line 65, in <module>
    import pyarrow.lib as _lib
  File "pyarrow/lib.pyx", line 24, in init pyarrow.lib
  File "/Applications/KNIME 5.4.3.app/Contents/Eclipse/bundling/envs/org_knime_python_llm/lib/python3.11/site-packages/numpy/__init__.py", line 135, in <module>
    raise ImportError(msg) from e
ImportError: Error importing numpy: you should not try to import numpy from
        its source directory; please exit the numpy source tree, and relaunch
        your python interpreter from there.

2025-04-29 16:11:20,935 : ERROR : ForkJoinPool.commonPool-worker-2 :  : PurePythonNodeSetFactory :  :  : Failed to parse Python node extension at path '/Applications/KNIME 5.4.3.app/Contents/Eclipse/plugins/org.knime.python.llm_5.4.3.v202503051153/src/main/python'. Could not connect to the Python process.
java.net.ConnectException: Could not connect to the Python process.
	at org.knime.python3.DefaultPythonGateway.waitForConnection(DefaultPythonGateway.java:281)
	at org.knime.python3.DefaultPythonGateway.<init>(DefaultPythonGateway.java:204)
	at org.knime.python3.DefaultPythonGateway.create(DefaultPythonGateway.java:150)
	at org.knime.python3.FreshPythonGatewayFactory.create(FreshPythonGatewayFactory.java:78)
	at org.knime.python3.QueuedPythonGatewayFactory$PythonGatewayQueue.takeOrCreateGatewayAndEnqueue(QueuedPythonGatewayFactory.java:276)
	at org.knime.python3.QueuedPythonGatewayFactory$PythonGatewayQueue.getNextGateway(QueuedPythonGatewayFactory.java:253)
	at org.knime.python3.QueuedPythonGatewayFactory.create(QueuedPythonGatewayFactory.java:118)
	at org.knime.python3.nodes.PythonNodeGatewayFactory.create(PythonNodeGatewayFactory.java:138)
	at org.knime.python3.nodes.PythonExtensionParser.retrieveDynamicInformationFromPython(PythonExtensionParser.java:181)
	at org.knime.python3.nodes.PythonExtensionParser.parseExtension(PythonExtensionParser.java:130)
	at org.knime.python3.nodes.PurePythonNodeSetFactory.parseExtension(PurePythonNodeSetFactory.java:113)
	at org.knime.python3.nodes.PurePythonNodeSetFactory.lambda$3(PurePythonNodeSetFactory.java:107)
	at java.base/java.util.stream.ReferencePipeline$3$1.accept(Unknown Source)
	at java.base/java.util.ArrayList$ArrayListSpliterator.forEachRemaining(Unknown Source)
	at java.base/java.util.stream.AbstractPipeline.copyInto(Unknown Source)
	at java.base/java.util.stream.AbstractPipeline.wrapAndCopyInto(Unknown Source)
	at java.base/java.util.stream.StreamSpliterators$WrappingSpliterator.forEachRemaining(Unknown Source)
	at java.base/java.util.stream.Streams$ConcatSpliterator.forEachRemaining(Unknown Source)
	at java.base/java.util.stream.AbstractPipeline.copyInto(Unknown Source)
	at java.base/java.util.stream.AbstractPipeline.wrapAndCopyInto(Unknown Source)
	at java.base/java.util.stream.ReduceOps$ReduceOp.evaluateSequential(Unknown Source)
	at java.base/java.util.stream.AbstractPipeline.evaluate(Unknown Source)
	at java.base/java.util.stream.ReferencePipeline.collect(Unknown Source)
	at org.knime.python3.nodes.extension.ExtensionNodeSetFactory.<init>(ExtensionNodeSetFactory.java:119)
	at org.knime.python3.nodes.PurePythonNodeSetFactory.<init>(PurePythonNodeSetFactory.java:88)
	at java.base/jdk.internal.reflect.NativeConstructorAccessorImpl.newInstance0(Native Method)
	at java.base/jdk.internal.reflect.NativeConstructorAccessorImpl.newInstance(Unknown Source)
	at java.base/jdk.internal.reflect.DelegatingConstructorAccessorImpl.newInstance(Unknown Source)
	at java.base/java.lang.reflect.Constructor.newInstanceWithCaller(Unknown Source)
	at java.base/java.lang.reflect.Constructor.newInstance(Unknown Source)
	at org.eclipse.core.internal.registry.osgi.RegistryStrategyOSGI.createExecutableExtension(RegistryStrategyOSGI.java:233)
	at org.eclipse.core.internal.registry.ExtensionRegistry.createExecutableExtension(ExtensionRegistry.java:987)
	at org.eclipse.core.internal.registry.ConfigurationElement.createExecutableExtension(ConfigurationElement.java:255)
	at org.eclipse.core.internal.registry.ConfigurationElementHandle.createExecutableExtension(ConfigurationElementHandle.java:65)
	at org.knime.core.node.extension.NodeSetFactoryExtension.from(NodeSetFactoryExtension.java:274)
	at java.base/java.util.stream.ReferencePipeline$3$1.accept(Unknown Source)
	at java.base/java.util.Spliterators$ArraySpliterator.forEachRemaining(Unknown Source)
	at java.base/java.util.stream.AbstractPipeline.copyInto(Unknown Source)
	at java.base/java.util.stream.AbstractPipeline.wrapAndCopyInto(Unknown Source)
	at java.base/java.util.stream.Nodes$CollectorTask.doLeaf(Unknown Source)
	at java.base/java.util.stream.Nodes$CollectorTask.doLeaf(Unknown Source)
	at java.base/java.util.stream.AbstractTask.compute(Unknown Source)
	at java.base/java.util.concurrent.CountedCompleter.exec(Unknown Source)
	at java.base/java.util.concurrent.ForkJoinTask.doExec(Unknown Source)
	at java.base/java.util.concurrent.ForkJoinPool$WorkQueue.topLevelExec(Unknown Source)
	at java.base/java.util.concurrent.ForkJoinPool.scan(Unknown Source)
	at java.base/java.util.concurrent.ForkJoinPool.runWorker(Unknown Source)
	at java.base/java.util.concurrent.ForkJoinWorkerThread.run(Unknown Source)
2025-04-29 16:11:21,043 : WARN  : python-gateway-creator-0 :  : DefaultPythonGateway :  :  : Python standard output: 
2025-04-29 16:11:21,043 : WARN  : python-gateway-creator-0 :  : DefaultPythonGateway :  :  : Python standard error: Traceback (most recent call last):
  File "/Applications/KNIME 5.4.3.app/Contents/Eclipse/bundling/envs/org_knime_python_llm/lib/python3.11/site-packages/numpy/core/__init__.py", line 24, in <module>
    from . import multiarray
  File "/Applications/KNIME 5.4.3.app/Contents/Eclipse/bundling/envs/org_knime_python_llm/lib/python3.11/site-packages/numpy/core/multiarray.py", line 10, in <module>
    from . import overrides
  File "/Applications/KNIME 5.4.3.app/Contents/Eclipse/bundling/envs/org_knime_python_llm/lib/python3.11/site-packages/numpy/core/overrides.py", line 8, in <module>
    from numpy.core._multiarray_umath import (
ImportError: dlopen(/Applications/KNIME 5.4.3.app/Contents/Eclipse/bundling/envs/org_knime_python_llm/lib/python3.11/site-packages/numpy/core/_multiarray_umath.cpython-311-darwin.so, 0x0002): Library not loaded: @rpath/libgfortran.5.dylib
  Referenced from: <D37BED4E-7F75-3467-A281-7E7E316989C9> /Applications/KNIME 5.4.3.app/Contents/Eclipse/bundling/envs/org_knime_python_llm/lib/libopenblas.0.dylib
  Reason: tried: '/Applications/KNIME 5.4.3.app/Contents/Eclipse/bundling/envs/org_knime_python_llm/lib/libgfortran.5.dylib' (duplicate LC_RPATH '@loader_path'), '/Applications/KNIME 5.4.3.app/Contents/Eclipse/bundling/envs/org_knime_python_llm/lib/libgfortran.5.dylib' (duplicate LC_RPATH '@loader_path'), '/Applications/KNIME 5.4.3.app/Contents/Eclipse/bundling/envs/org_knime_python_llm/lib/python3.11/site-packages/numpy/core/../../../../libgfortran.5.dylib' (duplicate LC_RPATH '@loader_path'), '/Applications/KNIME 5.4.3.app/Contents/Eclipse/bundling/envs/org_knime_python_llm/lib/python3.11/site-packages/numpy/core/../../../../libgfortran.5.dylib' (duplicate LC_RPATH '@loader_path'), '/Applications/KNIME 5.4.3.app/Contents/Eclipse/bundling/envs/org_knime_python_llm/bin/../lib/libgfortran.5.dylib' (duplicate LC_RPATH '@loader_path'), '/Applications/KNIME 5.4.3.app/Contents/Eclipse/bundling/envs/org_knime_python_llm/bin/../lib/libgfortran.5.dylib' (duplicate LC_RPATH '@loader_path'), '/usr/local/lib/libgfortran.5.dylib' (no such file), '/usr/lib/libgfortran.5.dylib' (no such file, not in dyld cache)

During handling of the above exception, another exception occurred:

Traceback (most recent call last):
  File "/Applications/KNIME 5.4.3.app/Contents/Eclipse/bundling/envs/org_knime_python_llm/lib/python3.11/site-packages/numpy/__init__.py", line 130, in <module>
    from numpy.__config__ import show as show_config
  File "/Applications/KNIME 5.4.3.app/Contents/Eclipse/bundling/envs/org_knime_python_llm/lib/python3.11/site-packages/numpy/__config__.py", line 4, in <module>
    from numpy.core._multiarray_umath import (
  File "/Applications/KNIME 5.4.3.app/Contents/Eclipse/bundling/envs/org_knime_python_llm/lib/python3.11/site-packages/numpy/core/__init__.py", line 50, in <module>
    raise ImportError(msg)
ImportError: 

IMPORTANT: PLEASE READ THIS FOR ADVICE ON HOW TO SOLVE THIS ISSUE!

Importing the numpy C-extensions failed. This error can happen for
many reasons, often due to issues with your setup or how NumPy was
installed.

We have compiled some common reasons and troubleshooting tips at:

    https://numpy.org/devdocs/user/troubleshooting-importerror.html

Please note and check the following:

  * The Python version is: Python3.11 from "/Applications/KNIME 5.4.3.app/Contents/Eclipse/bundling/envs/org_knime_python_llm/bin/python"
  * The NumPy version is: "1.26.4"

and make sure that they are the versions you expect.
Please carefully study the documentation linked above for further help.

Original error was: dlopen(/Applications/KNIME 5.4.3.app/Contents/Eclipse/bundling/envs/org_knime_python_llm/lib/python3.11/site-packages/numpy/core/_multiarray_umath.cpython-311-darwin.so, 0x0002): Library not loaded: @rpath/libgfortran.5.dylib
  Referenced from: <D37BED4E-7F75-3467-A281-7E7E316989C9> /Applications/KNIME 5.4.3.app/Contents/Eclipse/bundling/envs/org_knime_python_llm/lib/libopenblas.0.dylib
  Reason: tried: '/Applications/KNIME 5.4.3.app/Contents/Eclipse/bundling/envs/org_knime_python_llm/lib/libgfortran.5.dylib' (duplicate LC_RPATH '@loader_path'), '/Applications/KNIME 5.4.3.app/Contents/Eclipse/bundling/envs/org_knime_python_llm/lib/libgfortran.5.dylib' (duplicate LC_RPATH '@loader_path'), '/Applications/KNIME 5.4.3.app/Contents/Eclipse/bundling/envs/org_knime_python_llm/lib/python3.11/site-packages/numpy/core/../../../../libgfortran.5.dylib' (duplicate LC_RPATH '@loader_path'), '/Applications/KNIME 5.4.3.app/Contents/Eclipse/bundling/envs/org_knime_python_llm/lib/python3.11/site-packages/numpy/core/../../../../libgfortran.5.dylib' (duplicate LC_RPATH '@loader_path'), '/Applications/KNIME 5.4.3.app/Contents/Eclipse/bundling/envs/org_knime_python_llm/bin/../lib/libgfortran.5.dylib' (duplicate LC_RPATH '@loader_path'), '/Applications/KNIME 5.4.3.app/Contents/Eclipse/bundling/envs/org_knime_python_llm/bin/../lib/libgfortran.5.dylib' (duplicate LC_RPATH '@loader_path'), '/usr/local/lib/libgfortran.5.dylib' (no such file), '/usr/lib/libgfortran.5.dylib' (no such file, not in dyld cache)


The above exception was the direct cause of the following exception:

Traceback (most recent call last):
  File "/Applications/KNIME 5.4.3.app/Contents/Eclipse/plugins/org.knime.python3.nodes_5.4.1.v202501291500/src/main/python/_node_backend_launcher.py", line 62, in <module>
    import knime._arrow._table as kat
  File "/Applications/KNIME 5.4.3.app/Contents/Eclipse/plugins/org.knime.python3.arrow_5.4.0.v202411121140/src/main/python/knime/_arrow/_table.py", line 52, in <module>
    import pyarrow as pa
  File "/Applications/KNIME 5.4.3.app/Contents/Eclipse/bundling/envs/org_knime_python_llm/lib/python3.11/site-packages/pyarrow/__init__.py", line 65, in <module>
    import pyarrow.lib as _lib
  File "pyarrow/lib.pyx", line 24, in init pyarrow.lib
  File "/Applications/KNIME 5.4.3.app/Contents/Eclipse/bundling/envs/org_knime_python_llm/lib/python3.11/site-packages/numpy/__init__.py", line 135, in <module>
    raise ImportError(msg) from e
ImportError: Error importing numpy: you should not try to import numpy from
        its source directory; please exit the numpy source tree, and relaunch
        your python interpreter from there.

2025-04-29 16:11:21,154 : WARN  : python-gateway-creator-1 :  : DefaultPythonGateway :  :  : Python standard output: 
2025-04-29 16:11:21,154 : WARN  : python-gateway-creator-1 :  : DefaultPythonGateway :  :  : Python standard error: Traceback (most recent call last):
  File "/Applications/KNIME 5.4.3.app/Contents/Eclipse/bundling/envs/org_knime_python_llm/lib/python3.11/site-packages/numpy/core/__init__.py", line 24, in <module>
    from . import multiarray
  File "/Applications/KNIME 5.4.3.app/Contents/Eclipse/bundling/envs/org_knime_python_llm/lib/python3.11/site-packages/numpy/core/multiarray.py", line 10, in <module>
    from . import overrides
  File "/Applications/KNIME 5.4.3.app/Contents/Eclipse/bundling/envs/org_knime_python_llm/lib/python3.11/site-packages/numpy/core/overrides.py", line 8, in <module>
    from numpy.core._multiarray_umath import (
ImportError: dlopen(/Applications/KNIME 5.4.3.app/Contents/Eclipse/bundling/envs/org_knime_python_llm/lib/python3.11/site-packages/numpy/core/_multiarray_umath.cpython-311-darwin.so, 0x0002): Library not loaded: @rpath/libgfortran.5.dylib
  Referenced from: <D37BED4E-7F75-3467-A281-7E7E316989C9> /Applications/KNIME 5.4.3.app/Contents/Eclipse/bundling/envs/org_knime_python_llm/lib/libopenblas.0.dylib
  Reason: tried: '/Applications/KNIME 5.4.3.app/Contents/Eclipse/bundling/envs/org_knime_python_llm/lib/libgfortran.5.dylib' (duplicate LC_RPATH '@loader_path'), '/Applications/KNIME 5.4.3.app/Contents/Eclipse/bundling/envs/org_knime_python_llm/lib/libgfortran.5.dylib' (duplicate LC_RPATH '@loader_path'), '/Applications/KNIME 5.4.3.app/Contents/Eclipse/bundling/envs/org_knime_python_llm/lib/python3.11/site-packages/numpy/core/../../../../libgfortran.5.dylib' (duplicate LC_RPATH '@loader_path'), '/Applications/KNIME 5.4.3.app/Contents/Eclipse/bundling/envs/org_knime_python_llm/lib/python3.11/site-packages/numpy/core/../../../../libgfortran.5.dylib' (duplicate LC_RPATH '@loader_path'), '/Applications/KNIME 5.4.3.app/Contents/Eclipse/bundling/envs/org_knime_python_llm/bin/../lib/libgfortran.5.dylib' (duplicate LC_RPATH '@loader_path'), '/Applications/KNIME 5.4.3.app/Contents/Eclipse/bundling/envs/org_knime_python_llm/bin/../lib/libgfortran.5.dylib' (duplicate LC_RPATH '@loader_path'), '/usr/local/lib/libgfortran.5.dylib' (no such file), '/usr/lib/libgfortran.5.dylib' (no such file, not in dyld cache)

During handling of the above exception, another exception occurred:

Traceback (most recent call last):
  File "/Applications/KNIME 5.4.3.app/Contents/Eclipse/bundling/envs/org_knime_python_llm/lib/python3.11/site-packages/numpy/__init__.py", line 130, in <module>
    from numpy.__config__ import show as show_config
  File "/Applications/KNIME 5.4.3.app/Contents/Eclipse/bundling/envs/org_knime_python_llm/lib/python3.11/site-packages/numpy/__config__.py", line 4, in <module>
    from numpy.core._multiarray_umath import (
  File "/Applications/KNIME 5.4.3.app/Contents/Eclipse/bundling/envs/org_knime_python_llm/lib/python3.11/site-packages/numpy/core/__init__.py", line 50, in <module>
    raise ImportError(msg)
ImportError: 

IMPORTANT: PLEASE READ THIS FOR ADVICE ON HOW TO SOLVE THIS ISSUE!

Importing the numpy C-extensions failed. This error can happen for
many reasons, often due to issues with your setup or how NumPy was
installed.

We have compiled some common reasons and troubleshooting tips at:

    https://numpy.org/devdocs/user/troubleshooting-importerror.html

Please note and check the following:

  * The Python version is: Python3.11 from "/Applications/KNIME 5.4.3.app/Contents/Eclipse/bundling/envs/org_knime_python_llm/bin/python"
  * The NumPy version is: "1.26.4"

and make sure that they are the versions you expect.
Please carefully study the documentation linked above for further help.

Original error was: dlopen(/Applications/KNIME 5.4.3.app/Contents/Eclipse/bundling/envs/org_knime_python_llm/lib/python3.11/site-packages/numpy/core/_multiarray_umath.cpython-311-darwin.so, 0x0002): Library not loaded: @rpath/libgfortran.5.dylib
  Referenced from: <D37BED4E-7F75-3467-A281-7E7E316989C9> /Applications/KNIME 5.4.3.app/Contents/Eclipse/bundling/envs/org_knime_python_llm/lib/libopenblas.0.dylib
  Reason: tried: '/Applications/KNIME 5.4.3.app/Contents/Eclipse/bundling/envs/org_knime_python_llm/lib/libgfortran.5.dylib' (duplicate LC_RPATH '@loader_path'), '/Applications/KNIME 5.4.3.app/Contents/Eclipse/bundling/envs/org_knime_python_llm/lib/libgfortran.5.dylib' (duplicate LC_RPATH '@loader_path'), '/Applications/KNIME 5.4.3.app/Contents/Eclipse/bundling/envs/org_knime_python_llm/lib/python3.11/site-packages/numpy/core/../../../../libgfortran.5.dylib' (duplicate LC_RPATH '@loader_path'), '/Applications/KNIME 5.4.3.app/Contents/Eclipse/bundling/envs/org_knime_python_llm/lib/python3.11/site-packages/numpy/core/../../../../libgfortran.5.dylib' (duplicate LC_RPATH '@loader_path'), '/Applications/KNIME 5.4.3.app/Contents/Eclipse/bundling/envs/org_knime_python_llm/bin/../lib/libgfortran.5.dylib' (duplicate LC_RPATH '@loader_path'), '/Applications/KNIME 5.4.3.app/Contents/Eclipse/bundling/envs/org_knime_python_llm/bin/../lib/libgfortran.5.dylib' (duplicate LC_RPATH '@loader_path'), '/usr/local/lib/libgfortran.5.dylib' (no such file), '/usr/lib/libgfortran.5.dylib' (no such file, not in dyld cache)


The above exception was the direct cause of the following exception:

Traceback (most recent call last):
  File "/Applications/KNIME 5.4.3.app/Contents/Eclipse/plugins/org.knime.python3.nodes_5.4.1.v202501291500/src/main/python/_node_backend_launcher.py", line 62, in <module>
    import knime._arrow._table as kat
  File "/Applications/KNIME 5.4.3.app/Contents/Eclipse/plugins/org.knime.python3.arrow_5.4.0.v202411121140/src/main/python/knime/_arrow/_table.py", line 52, in <module>
    import pyarrow as pa
  File "/Applications/KNIME 5.4.3.app/Contents/Eclipse/bundling/envs/org_knime_python_llm/lib/python3.11/site-packages/pyarrow/__init__.py", line 65, in <module>
    import pyarrow.lib as _lib
  File "pyarrow/lib.pyx", line 24, in init pyarrow.lib
  File "/Applications/KNIME 5.4.3.app/Contents/Eclipse/bundling/envs/org_knime_python_llm/lib/python3.11/site-packages/numpy/__init__.py", line 135, in <module>
    raise ImportError(msg) from e
ImportError: Error importing numpy: you should not try to import numpy from
        its source directory; please exit the numpy source tree, and relaunch
        your python interpreter from there.

2025-04-29 16:11:21,266 : WARN  : KNIME-Worker-0 :  : DefaultPythonGateway :  :  : Python standard output: 
2025-04-29 16:11:21,266 : WARN  : KNIME-Worker-0 :  : DefaultPythonGateway :  :  : Python standard error: Traceback (most recent call last):
  File "/Applications/KNIME 5.4.3.app/Contents/Eclipse/bundling/envs/org_knime_python_llm/lib/python3.11/site-packages/numpy/core/__init__.py", line 24, in <module>
    from . import multiarray
  File "/Applications/KNIME 5.4.3.app/Contents/Eclipse/bundling/envs/org_knime_python_llm/lib/python3.11/site-packages/numpy/core/multiarray.py", line 10, in <module>
    from . import overrides
  File "/Applications/KNIME 5.4.3.app/Contents/Eclipse/bundling/envs/org_knime_python_llm/lib/python3.11/site-packages/numpy/core/overrides.py", line 8, in <module>
    from numpy.core._multiarray_umath import (
ImportError: dlopen(/Applications/KNIME 5.4.3.app/Contents/Eclipse/bundling/envs/org_knime_python_llm/lib/python3.11/site-packages/numpy/core/_multiarray_umath.cpython-311-darwin.so, 0x0002): Library not loaded: @rpath/libgfortran.5.dylib
  Referenced from: <D37BED4E-7F75-3467-A281-7E7E316989C9> /Applications/KNIME 5.4.3.app/Contents/Eclipse/bundling/envs/org_knime_python_llm/lib/libopenblas.0.dylib
  Reason: tried: '/Applications/KNIME 5.4.3.app/Contents/Eclipse/bundling/envs/org_knime_python_llm/lib/libgfortran.5.dylib' (duplicate LC_RPATH '@loader_path'), '/Applications/KNIME 5.4.3.app/Contents/Eclipse/bundling/envs/org_knime_python_llm/lib/libgfortran.5.dylib' (duplicate LC_RPATH '@loader_path'), '/Applications/KNIME 5.4.3.app/Contents/Eclipse/bundling/envs/org_knime_python_llm/lib/python3.11/site-packages/numpy/core/../../../../libgfortran.5.dylib' (duplicate LC_RPATH '@loader_path'), '/Applications/KNIME 5.4.3.app/Contents/Eclipse/bundling/envs/org_knime_python_llm/lib/python3.11/site-packages/numpy/core/../../../../libgfortran.5.dylib' (duplicate LC_RPATH '@loader_path'), '/Applications/KNIME 5.4.3.app/Contents/Eclipse/bundling/envs/org_knime_python_llm/bin/../lib/libgfortran.5.dylib' (duplicate LC_RPATH '@loader_path'), '/Applications/KNIME 5.4.3.app/Contents/Eclipse/bundling/envs/org_knime_python_llm/bin/../lib/libgfortran.5.dylib' (duplicate LC_RPATH '@loader_path'), '/usr/local/lib/libgfortran.5.dylib' (no such file), '/usr/lib/libgfortran.5.dylib' (no such file, not in dyld cache)

During handling of the above exception, another exception occurred:

Traceback (most recent call last):
  File "/Applications/KNIME 5.4.3.app/Contents/Eclipse/bundling/envs/org_knime_python_llm/lib/python3.11/site-packages/numpy/__init__.py", line 130, in <module>
    from numpy.__config__ import show as show_config
  File "/Applications/KNIME 5.4.3.app/Contents/Eclipse/bundling/envs/org_knime_python_llm/lib/python3.11/site-packages/numpy/__config__.py", line 4, in <module>
    from numpy.core._multiarray_umath import (
  File "/Applications/KNIME 5.4.3.app/Contents/Eclipse/bundling/envs/org_knime_python_llm/lib/python3.11/site-packages/numpy/core/__init__.py", line 50, in <module>
    raise ImportError(msg)
ImportError: 

IMPORTANT: PLEASE READ THIS FOR ADVICE ON HOW TO SOLVE THIS ISSUE!

Importing the numpy C-extensions failed. This error can happen for
many reasons, often due to issues with your setup or how NumPy was
installed.

We have compiled some common reasons and troubleshooting tips at:

    https://numpy.org/devdocs/user/troubleshooting-importerror.html

Please note and check the following:

  * The Python version is: Python3.11 from "/Applications/KNIME 5.4.3.app/Contents/Eclipse/bundling/envs/org_knime_python_llm/bin/python"
  * The NumPy version is: "1.26.4"

and make sure that they are the versions you expect.
Please carefully study the documentation linked above for further help.

Original error was: dlopen(/Applications/KNIME 5.4.3.app/Contents/Eclipse/bundling/envs/org_knime_python_llm/lib/python3.11/site-packages/numpy/core/_multiarray_umath.cpython-311-darwin.so, 0x0002): Library not loaded: @rpath/libgfortran.5.dylib
  Referenced from: <D37BED4E-7F75-3467-A281-7E7E316989C9> /Applications/KNIME 5.4.3.app/Contents/Eclipse/bundling/envs/org_knime_python_llm/lib/libopenblas.0.dylib
  Reason: tried: '/Applications/KNIME 5.4.3.app/Contents/Eclipse/bundling/envs/org_knime_python_llm/lib/libgfortran.5.dylib' (duplicate LC_RPATH '@loader_path'), '/Applications/KNIME 5.4.3.app/Contents/Eclipse/bundling/envs/org_knime_python_llm/lib/libgfortran.5.dylib' (duplicate LC_RPATH '@loader_path'), '/Applications/KNIME 5.4.3.app/Contents/Eclipse/bundling/envs/org_knime_python_llm/lib/python3.11/site-packages/numpy/core/../../../../libgfortran.5.dylib' (duplicate LC_RPATH '@loader_path'), '/Applications/KNIME 5.4.3.app/Contents/Eclipse/bundling/envs/org_knime_python_llm/lib/python3.11/site-packages/numpy/core/../../../../libgfortran.5.dylib' (duplicate LC_RPATH '@loader_path'), '/Applications/KNIME 5.4.3.app/Contents/Eclipse/bundling/envs/org_knime_python_llm/bin/../lib/libgfortran.5.dylib' (duplicate LC_RPATH '@loader_path'), '/Applications/KNIME 5.4.3.app/Contents/Eclipse/bundling/envs/org_knime_python_llm/bin/../lib/libgfortran.5.dylib' (duplicate LC_RPATH '@loader_path'), '/usr/local/lib/libgfortran.5.dylib' (no such file), '/usr/lib/libgfortran.5.dylib' (no such file, not in dyld cache)


The above exception was the direct cause of the following exception:

Traceback (most recent call last):
  File "/Applications/KNIME 5.4.3.app/Contents/Eclipse/plugins/org.knime.python3.nodes_5.4.1.v202501291500/src/main/python/_node_backend_launcher.py", line 62, in <module>
    import knime._arrow._table as kat
  File "/Applications/KNIME 5.4.3.app/Contents/Eclipse/plugins/org.knime.python3.arrow_5.4.0.v202411121140/src/main/python/knime/_arrow/_table.py", line 52, in <module>
    import pyarrow as pa
  File "/Applications/KNIME 5.4.3.app/Contents/Eclipse/bundling/envs/org_knime_python_llm/lib/python3.11/site-packages/pyarrow/__init__.py", line 65, in <module>
    import pyarrow.lib as _lib
  File "pyarrow/lib.pyx", line 24, in init pyarrow.lib
  File "/Applications/KNIME 5.4.3.app/Contents/Eclipse/bundling/envs/org_knime_python_llm/lib/python3.11/site-packages/numpy/__init__.py", line 135, in <module>
    raise ImportError(msg) from e
ImportError: Error importing numpy: you should not try to import numpy from
        its source directory; please exit the numpy source tree, and relaunch
        your python interpreter from there.

2025-04-29 16:11:21,266 : ERROR : KNIME-Worker-0 :  : PurePythonNodeSetFactory :  :  : Failed to parse Python node extension at path '/Applications/KNIME 5.4.3.app/Contents/Eclipse/plugins/org.knime.python.llm_5.4.3.v202503051153/src/main/python'. Could not connect to the Python process.
java.net.ConnectException: Could not connect to the Python process.
	at org.knime.python3.DefaultPythonGateway.waitForConnection(DefaultPythonGateway.java:281)
	at org.knime.python3.DefaultPythonGateway.<init>(DefaultPythonGateway.java:204)
	at org.knime.python3.DefaultPythonGateway.create(DefaultPythonGateway.java:150)
	at org.knime.python3.FreshPythonGatewayFactory.create(FreshPythonGatewayFactory.java:78)
	at org.knime.python3.QueuedPythonGatewayFactory$PythonGatewayQueue.takeOrCreateGatewayAndEnqueue(QueuedPythonGatewayFactory.java:276)
	at org.knime.python3.QueuedPythonGatewayFactory$PythonGatewayQueue.getNextGateway(QueuedPythonGatewayFactory.java:253)
	at org.knime.python3.QueuedPythonGatewayFactory.create(QueuedPythonGatewayFactory.java:118)
	at org.knime.python3.nodes.PythonNodeGatewayFactory.create(PythonNodeGatewayFactory.java:138)
	at org.knime.python3.nodes.PythonExtensionParser.retrieveDynamicInformationFromPython(PythonExtensionParser.java:181)
	at org.knime.python3.nodes.PythonExtensionParser.parseExtension(PythonExtensionParser.java:130)
	at org.knime.python3.nodes.PurePythonNodeSetFactory.parseExtension(PurePythonNodeSetFactory.java:113)
	at org.knime.python3.nodes.PurePythonNodeSetFactory.lambda$3(PurePythonNodeSetFactory.java:107)
	at java.base/java.util.stream.ReferencePipeline$3$1.accept(Unknown Source)
	at java.base/java.util.ArrayList$ArrayListSpliterator.forEachRemaining(Unknown Source)
	at java.base/java.util.stream.AbstractPipeline.copyInto(Unknown Source)
	at java.base/java.util.stream.AbstractPipeline.wrapAndCopyInto(Unknown Source)
	at java.base/java.util.stream.StreamSpliterators$WrappingSpliterator.forEachRemaining(Unknown Source)
	at java.base/java.util.stream.Streams$ConcatSpliterator.forEachRemaining(Unknown Source)
	at java.base/java.util.stream.AbstractPipeline.copyInto(Unknown Source)
	at java.base/java.util.stream.AbstractPipeline.wrapAndCopyInto(Unknown Source)
	at java.base/java.util.stream.ReduceOps$ReduceOp.evaluateSequential(Unknown Source)
	at java.base/java.util.stream.AbstractPipeline.evaluate(Unknown Source)
	at java.base/java.util.stream.ReferencePipeline.collect(Unknown Source)
	at org.knime.python3.nodes.extension.ExtensionNodeSetFactory.<init>(ExtensionNodeSetFactory.java:119)
	at org.knime.python3.nodes.PurePythonNodeSetFactory.<init>(PurePythonNodeSetFactory.java:88)
	at java.base/jdk.internal.reflect.NativeConstructorAccessorImpl.newInstance0(Native Method)
	at java.base/jdk.internal.reflect.NativeConstructorAccessorImpl.newInstance(Unknown Source)
	at java.base/jdk.internal.reflect.DelegatingConstructorAccessorImpl.newInstance(Unknown Source)
	at java.base/java.lang.reflect.Constructor.newInstanceWithCaller(Unknown Source)
	at java.base/java.lang.reflect.Constructor.newInstance(Unknown Source)
	at org.eclipse.core.internal.registry.osgi.RegistryStrategyOSGI.createExecutableExtension(RegistryStrategyOSGI.java:233)
	at org.eclipse.core.internal.registry.ExtensionRegistry.createExecutableExtension(ExtensionRegistry.java:987)
	at org.eclipse.core.internal.registry.ConfigurationElement.createExecutableExtension(ConfigurationElement.java:255)
	at org.eclipse.core.internal.registry.ConfigurationElementHandle.createExecutableExtension(ConfigurationElementHandle.java:65)
	at org.knime.core.node.extension.CategoryExtensionUtil.collectFromCategorySetsExtPoint(CategoryExtensionUtil.java:125)
	at org.knime.core.node.extension.CategoryExtensionUtil.collectCategoryExtensions(CategoryExtensionUtil.java:91)
	at org.knime.core.node.extension.NodeSpecCollectionProvider.getInstance(NodeSpecCollectionProvider.java:84)
	at java.base/java.util.concurrent.FutureTask.run(Unknown Source)
	at org.knime.core.util.ThreadPool$MyFuture.run(ThreadPool.java:123)
	at org.knime.core.util.ThreadPool$Worker.run(ThreadPool.java:246)
